title,top genre,year released,bpm,nrgy,dnce,dB,live,val,dur,acous,spch,pop,top year
STARSTRUKK (feat. Katy Perry),dance pop,2009.0,140.0,81.0,61.0,-6.0,23.0,23.0,203.0,0.0,6.0,70.0,2010.0
My First Kiss (feat. Ke$ha),dance pop,2010.0,138.0,89.0,68.0,-4.0,36.0,83.0,192.0,1.0,8.0,68.0,2010.0
I Need A Dollar,pop soul,2010.0,95.0,48.0,84.0,-7.0,9.0,96.0,243.0,20.0,3.0,72.0,2010.0
Airplanes (feat. Hayley Williams of Paramore),atl hip hop,2010.0,93.0,87.0,66.0,-4.0,4.0,38.0,180.0,11.0,12.0,80.0,2010.0
Nothin' on You (feat. Bruno Mars),atl hip hop,2010.0,104.0,85.0,69.0,-6.0,9.0,74.0,268.0,39.0,5.0,79.0,2010.0
Magic (feat. Rivers Cuomo),atl hip hop,2010.0,82.0,93.0,55.0,-4.0,35.0,79.0,196.0,1.0,34.0,71.0,2010.0
The Time (Dirty Bit),dance pop,2010.0,128.0,81.0,82.0,-8.0,60.0,44.0,308.0,7.0,7.0,75.0,2010.0
Imma Be,dance pop,2009.0,92.0,52.0,60.0,-7.0,31.0,41.0,258.0,18.0,37.0,71.0,2010.0
Talking to the Moon,dance pop,2010.0,146.0,59.0,50.0,-5.0,11.0,8.0,218.0,51.0,3.0,87.0,2010.0
Just the Way You Are,dance pop,2010.0,109.0,84.0,64.0,-5.0,6.0,42.0,221.0,1.0,4.0,86.0,2010.0
Teach Me How to Dougie,pop rap,2011.0,85.0,44.0,85.0,-5.0,9.0,51.0,237.0,20.0,14.0,71.0,2010.0
Forget You,atl hip hop,2010.0,127.0,88.0,70.0,-4.0,16.0,77.0,223.0,13.0,6.0,69.0,2010.0
Deuces (feat. Tyga & Kevin McCall),dance pop,2011.0,74.0,74.0,69.0,-5.0,8.0,22.0,277.0,3.0,11.0,74.0,2010.0
Memories (feat. Kid Cudi),big room,2009.0,130.0,87.0,56.0,-6.0,25.0,50.0,210.0,0.0,34.0,74.0,2010.0
Gettin' Over You (feat. Fergie & LMFAO),big room,2009.0,130.0,91.0,62.0,-5.0,8.0,45.0,188.0,18.0,8.0,55.0,2010.0
"All I Do Is Win (feat. T-Pain, Ludacris, Snoop Dogg & Rick Ross)",dance pop,2010.0,150.0,78.0,54.0,-4.0,16.0,28.0,233.0,1.0,19.0,55.0,2010.0
Over,canadian hip hop,2010.0,100.0,85.0,35.0,-6.0,12.0,45.0,234.0,1.0,20.0,72.0,2010.0
Find Your Love,canadian hip hop,2010.0,96.0,61.0,63.0,-6.0,3.0,76.0,209.0,2.0,17.0,70.0,2010.0
Barbra Streisand (Radio Edit),disco house,2010.0,128.0,93.0,76.0,-2.0,22.0,46.0,195.0,0.0,10.0,61.0,2010.0
Stereo Love - Radio Edit,romanian house,2010.0,127.0,78.0,80.0,-4.0,8.0,59.0,185.0,3.0,3.0,71.0,2010.0
Pack Up,lilith,2010.0,133.0,81.0,67.0,-6.0,21.0,87.0,191.0,30.0,8.0,46.0,2010.0
Starry Eyed,dance pop,2010.0,150.0,81.0,50.0,-5.0,32.0,60.0,177.0,14.0,4.0,59.0,2010.0
Love The Way You Lie,detroit hip hop,2010.0,87.0,93.0,75.0,-5.0,52.0,64.0,263.0,24.0,23.0,87.0,2010.0
Not Afraid,detroit hip hop,2010.0,115.0,95.0,86.0,-1.0,21.0,67.0,248.0,53.0,26.0,85.0,2010.0
I Like It,dance pop,2010.0,129.0,94.0,65.0,-3.0,7.0,70.0,232.0,2.0,8.0,71.0,2010.0
Kickstarts,dance pop,2010.0,126.0,84.0,61.0,-4.0,36.0,66.0,182.0,0.0,6.0,69.0,2010.0
Like A G6,asian american hip hop,2010.0,125.0,84.0,44.0,-8.0,12.0,78.0,217.0,1.0,45.0,75.0,2010.0
Club Can't Handle Me (feat. David Guetta),dance pop,2010.0,128.0,87.0,62.0,-4.0,6.0,47.0,235.0,3.0,3.0,81.0,2010.0
Hot - Malibu Breeze Radio Edit,dance pop,2010.0,128.0,71.0,81.0,-8.0,26.0,51.0,224.0,6.0,14.0,43.0,2010.0
Replay,dance pop,2009.0,91.0,75.0,71.0,-6.0,17.0,20.0,182.0,17.0,7.0,78.0,2010.0
Whatcha Say,dance pop,2010.0,144.0,71.0,62.0,-6.0,14.0,71.0,221.0,4.0,8.0,72.0,2010.0
Ridin' Solo,dance pop,2010.0,89.0,83.0,44.0,-4.0,13.0,58.0,216.0,13.0,15.0,70.0,2010.0
In My Head,dance pop,2010.0,110.0,75.0,76.0,-4.0,35.0,85.0,199.0,3.0,3.0,67.0,2010.0
Down,dance pop,2009.0,132.0,68.0,73.0,-4.0,8.0,73.0,213.0,1.0,3.0,83.0,2010.0
Do You Remember,dance pop,2009.0,126.0,67.0,85.0,-5.0,10.0,82.0,211.0,2.0,7.0,74.0,2010.0
Young Forever,east coast hip hop,2009.0,140.0,69.0,64.0,-3.0,21.0,10.0,254.0,42.0,7.0,71.0,2010.0
Heartbreak Warfare,neo mellow,2009.0,97.0,55.0,62.0,-8.0,30.0,31.0,270.0,19.0,2.0,69.0,2010.0
Half of My Heart,neo mellow,2009.0,115.0,59.0,68.0,-9.0,11.0,73.0,250.0,44.0,3.0,68.0,2010.0
Baby,canadian pop,2010.0,65.0,86.0,73.0,-5.0,11.0,54.0,214.0,4.0,14.0,86.0,2010.0
California Gurls,dance pop,2012.0,125.0,75.0,79.0,-4.0,16.0,43.0,235.0,0.0,6.0,78.0,2010.0
Teenage Dream,dance pop,2010.0,120.0,80.0,72.0,-5.0,13.0,59.0,228.0,2.0,4.0,76.0,2010.0
Commander,atl hip hop,2011.0,125.0,88.0,40.0,-4.0,36.0,57.0,218.0,2.0,14.0,54.0,2010.0
TiK ToK,dance pop,2010.0,120.0,84.0,76.0,-3.0,29.0,71.0,200.0,10.0,14.0,86.0,2010.0
Your Love Is My Drug,dance pop,2010.0,120.0,61.0,83.0,-4.0,9.0,76.0,187.0,1.0,10.0,75.0,2010.0
Take It Off,dance pop,2010.0,125.0,68.0,73.0,-5.0,9.0,74.0,215.0,0.0,3.0,74.0,2010.0
Blah Blah Blah (feat. 3OH!3),dance pop,2010.0,120.0,84.0,75.0,-3.0,42.0,52.0,172.0,8.0,12.0,67.0,2010.0
Wavin' Flag,reggae fusion,2009.0,76.0,70.0,63.0,-6.0,24.0,72.0,221.0,13.0,7.0,63.0,2010.0
Live Like We're Dying,idol,2009.0,92.0,89.0,59.0,-3.0,34.0,94.0,213.0,3.0,4.0,57.0,2010.0
Bad Romance,art pop,2009.0,119.0,92.0,70.0,-4.0,8.0,71.0,295.0,0.0,4.0,86.0,2010.0
Telephone,art pop,2009.0,122.0,84.0,82.0,-6.0,11.0,72.0,221.0,1.0,4.0,75.0,2010.0
Alejandro,art pop,2009.0,99.0,79.0,62.0,-7.0,38.0,36.0,274.0,0.0,5.0,72.0,2010.0
Right Above It,hip hop,2010.0,76.0,84.0,38.0,-4.0,58.0,46.0,272.0,4.0,36.0,74.0,2010.0
My Chick Bad,atl hip hop,2010.0,85.0,72.0,62.0,-7.0,48.0,76.0,217.0,17.0,38.0,73.0,2010.0
How Low,atl hip hop,2010.0,144.0,50.0,79.0,-7.0,22.0,42.0,202.0,0.0,5.0,68.0,2010.0
Misery,pop,2010.0,103.0,81.0,70.0,-5.0,22.0,73.0,216.0,0.0,4.0,70.0,2010.0
When We Collide,talent show,2011.0,82.0,68.0,44.0,-6.0,31.0,45.0,226.0,2.0,3.0,52.0,2010.0
Cooler Than Me - Single Mix,dance pop,2010.0,130.0,82.0,77.0,-5.0,69.0,63.0,213.0,18.0,5.0,81.0,2010.0
Can't Be Tamed,dance pop,2010.0,117.0,91.0,63.0,-3.0,20.0,74.0,168.0,3.0,14.0,69.0,2010.0
Animal,modern alternative rock,2010.0,148.0,83.0,48.0,-6.0,37.0,74.0,212.0,0.0,4.0,76.0,2010.0
Fireflies,indietronica,2009.0,180.0,66.0,51.0,-7.0,12.0,47.0,228.0,3.0,4.0,84.0,2010.0
She Said,grime,2010.0,147.0,54.0,72.0,-6.0,16.0,83.0,211.0,30.0,14.0,39.0,2010.0
Only Girl (In The World),barbadian pop,2010.0,126.0,71.0,79.0,-4.0,6.0,64.0,235.0,11.0,4.0,82.0,2010.0
Rude Boy,barbadian pop,2009.0,174.0,75.0,56.0,-4.0,8.0,81.0,223.0,11.0,13.0,80.0,2010.0
What's My Name?,barbadian pop,2010.0,100.0,78.0,69.0,-3.0,8.0,56.0,263.0,18.0,7.0,75.0,2010.0
Man Down,barbadian pop,2010.0,156.0,91.0,48.0,-4.0,5.0,54.0,267.0,4.0,19.0,65.0,2010.0
Hard,barbadian pop,2009.0,182.0,75.0,31.0,-4.0,65.0,16.0,251.0,1.0,11.0,60.0,2010.0
Dancing On My Own - Radio Edit,art pop,2010.0,117.0,93.0,57.0,-6.0,13.0,22.0,278.0,0.0,3.0,65.0,2010.0
King of Anything,acoustic pop,2010.0,119.0,76.0,68.0,-4.0,6.0,81.0,207.0,46.0,4.0,66.0,2010.0
This Ain't a Love Song,dance pop,2017.0,177.0,91.0,46.0,-4.0,38.0,55.0,211.0,0.0,5.0,58.0,2010.0
Eenie Meenie,dance pop,2020.0,121.0,64.0,73.0,-3.0,10.0,84.0,202.0,3.0,3.0,72.0,2010.0
Riverside,dutch house,2009.0,126.0,98.0,80.0,-2.0,13.0,29.0,321.0,0.0,5.0,42.0,2010.0
Alors on danse - Radio Edit,belgian pop,2010.0,120.0,59.0,79.0,-9.0,7.0,71.0,206.0,10.0,8.0,83.0,2010.0
Stuck Like Glue,contemporary country,2010.0,84.0,80.0,70.0,-5.0,5.0,84.0,248.0,33.0,6.0,73.0,2010.0
One - Radio Edit,dance pop,2010.0,125.0,78.0,80.0,-7.0,15.0,62.0,170.0,1.0,4.0,62.0,2010.0
Miami 2 Ibiza - Swedish House Mafia vs. Tinie Tempah,dance pop,2010.0,125.0,93.0,74.0,-6.0,40.0,66.0,206.0,0.0,7.0,52.0,2010.0
Dynamite,dance pop,2010.0,120.0,78.0,75.0,-4.0,4.0,82.0,203.0,0.0,9.0,85.0,2010.0
Break Your Heart,dance pop,2010.0,122.0,93.0,61.0,-4.0,9.0,57.0,202.0,3.0,3.0,79.0,2010.0
The Flood,boy band,2010.0,101.0,83.0,51.0,-6.0,12.0,14.0,289.0,4.0,4.0,63.0,2010.0
Back To December,pop,2010.0,142.0,67.0,53.0,-5.0,33.0,29.0,293.0,12.0,3.0,71.0,2010.0
Mine,pop,2010.0,121.0,76.0,62.0,-3.0,19.0,66.0,231.0,0.0,3.0,70.0,2010.0
Today Was A Fairytale,pop,2011.0,158.0,70.0,49.0,-4.0,17.0,34.0,242.0,3.0,3.0,56.0,2010.0
If I Die Young,contemporary country,2010.0,131.0,50.0,61.0,-7.0,28.0,36.0,223.0,35.0,3.0,74.0,2010.0
For the First Time,celtic rock,2011.0,174.0,63.0,40.0,-5.0,18.0,36.0,253.0,3.0,3.0,66.0,2010.0
All Time Low,boy band,2010.0,134.0,62.0,69.0,-5.0,8.0,79.0,205.0,35.0,5.0,63.0,2010.0
Seek Bromance (Avicii Vocal Edit),edm,2010.0,126.0,81.0,49.0,-3.0,9.0,55.0,201.0,9.0,4.0,55.0,2010.0
Carry Out (Featuring Justin Timberlake),dance pop,2009.0,116.0,57.0,53.0,-7.0,26.0,27.0,232.0,11.0,11.0,74.0,2010.0
If We Ever Meet Again (Featuring Katy Perry),dance pop,2009.0,126.0,61.0,65.0,-7.0,6.0,39.0,293.0,0.0,4.0,74.0,2010.0
Pass Out,dance pop,2010.0,91.0,89.0,69.0,-3.0,14.0,53.0,268.0,3.0,30.0,51.0,2010.0
Written in the Stars (feat. Eric Turner),dance pop,2010.0,123.0,97.0,62.0,-3.0,20.0,30.0,208.0,5.0,13.0,51.0,2010.0
"Hey, Soul Sister",dance pop,2010.0,97.0,89.0,67.0,-4.0,8.0,80.0,217.0,19.0,4.0,87.0,2010.0
Billionaire (feat. Bruno Mars),dance pop,2010.0,87.0,67.0,63.0,-6.0,21.0,66.0,211.0,30.0,26.0,77.0,2010.0
Bottoms Up (feat. Nicki Minaj),dance pop,2010.0,74.0,60.0,84.0,-5.0,39.0,33.0,242.0,2.0,16.0,78.0,2010.0
Say Aah (feat. Fabolous),dance pop,2009.0,93.0,87.0,72.0,-4.0,83.0,81.0,208.0,0.0,11.0,68.0,2010.0
What You Know,indie rock,2010.0,139.0,74.0,56.0,-4.0,8.0,78.0,192.0,0.0,4.0,76.0,2010.0
DJ Got Us Fallin' In Love (feat. Pitbull),atl hip hop,2010.0,120.0,86.0,66.0,-3.0,8.0,65.0,221.0,3.0,11.0,84.0,2010.0
OMG (feat. will.i.am),atl hip hop,2010.0,130.0,75.0,78.0,-6.0,36.0,33.0,269.0,20.0,3.0,78.0,2010.0
Hey Daddy (Daddy's Home),atl hip hop,2010.0,96.0,70.0,59.0,-4.0,11.0,35.0,224.0,0.0,3.0,65.0,2010.0
No Hands (feat. Roscoe Dash & Wale),atl hip hop,2010.0,131.0,60.0,76.0,-6.0,24.0,36.0,264.0,1.0,4.0,63.0,2010.0
We No Speak Americano (Edit),australian dance,2020.0,125.0,81.0,90.0,-5.0,9.0,75.0,157.0,7.0,5.0,65.0,2010.0
BedRock,dance pop,2009.0,148.0,66.0,73.0,-6.0,19.0,56.0,288.0,10.0,30.0,76.0,2010.0
Rolling in the Deep,british soul,2011.0,105.0,77.0,73.0,-5.0,5.0,51.0,228.0,14.0,3.0,84.0,2011.0
Set Fire to the Rain,british soul,2011.0,108.0,67.0,60.0,-4.0,11.0,45.0,243.0,0.0,2.0,81.0,2011.0
Mr. Saxobeat,dance pop,2011.0,127.0,93.0,72.0,-4.0,14.0,78.0,195.0,3.0,5.0,69.0,2011.0
What the Hell,canadian pop,2011.0,150.0,93.0,58.0,-4.0,14.0,88.0,221.0,0.0,5.0,80.0,2011.0
Lighters,detroit hip hop,2011.0,90.0,70.0,68.0,-8.0,12.0,14.0,304.0,35.0,25.0,74.0,2011.0
Love On Top,dance pop,2011.0,94.0,75.0,65.0,-5.0,60.0,65.0,267.0,8.0,9.0,79.0,2011.0
Best Thing I Never Had,dance pop,2011.0,99.0,65.0,55.0,-4.0,9.0,30.0,254.0,14.0,3.0,74.0,2011.0
Skinny Love,pop,2011.0,166.0,29.0,38.0,-8.0,12.0,17.0,201.0,95.0,5.0,77.0,2011.0
Just Can’t Get Enough,dance pop,2010.0,94.0,63.0,66.0,-9.0,11.0,26.0,219.0,19.0,18.0,81.0,2011.0
Honey Bee,contemporary country,2011.0,206.0,85.0,48.0,-5.0,12.0,72.0,211.0,0.0,4.0,69.0,2011.0
Holocene,eau claire indie,2011.0,148.0,30.0,37.0,-15.0,13.0,15.0,337.0,94.0,3.0,70.0,2011.0
I Wanna Go,dance pop,2011.0,130.0,55.0,70.0,-7.0,33.0,79.0,210.0,0.0,4.0,71.0,2011.0
Till the World Ends,dance pop,2011.0,132.0,71.0,69.0,-6.0,20.0,45.0,238.0,2.0,7.0,71.0,2011.0
Grenade,dance pop,2010.0,110.0,56.0,70.0,-7.0,11.0,25.0,222.0,15.0,5.0,82.0,2011.0
Marry You,dance pop,2010.0,145.0,82.0,62.0,-5.0,10.0,45.0,230.0,33.0,4.0,79.0,2011.0
The Lazy Song,dance pop,2010.0,175.0,71.0,79.0,-5.0,10.0,96.0,189.0,30.0,7.0,77.0,2011.0
Bounce (feat. Kelis) - Radio Edit,dance pop,2012.0,128.0,96.0,78.0,-2.0,66.0,76.0,222.0,3.0,4.0,67.0,2011.0
Blind Faith,dancefloor dnb,2011.0,140.0,85.0,45.0,-5.0,23.0,40.0,234.0,1.0,5.0,66.0,2011.0
Champion (feat. Chris Brown),grime,2011.0,190.0,93.0,42.0,-3.0,14.0,52.0,237.0,8.0,24.0,54.0,2011.0
Look At Me Now (feat. Lil' Wayne & Busta Rhymes),dance pop,2011.0,146.0,68.0,77.0,-6.0,14.0,54.0,223.0,3.0,18.0,77.0,2011.0
Yeah 3x,dance pop,2011.0,130.0,88.0,71.0,-3.0,9.0,70.0,242.0,0.0,4.0,74.0,2011.0
Beautiful People,dance pop,2019.0,128.0,78.0,42.0,-6.0,8.0,54.0,226.0,7.0,16.0,59.0,2011.0
Jar of Hearts,dance pop,2011.0,75.0,35.0,35.0,-6.0,12.0,9.0,247.0,73.0,3.0,77.0,2011.0
You Make Me Feel... (feat. Sabi),dance pop,2011.0,132.0,86.0,67.0,-3.0,4.0,75.0,216.0,2.0,5.0,75.0,2011.0
Paradise,permanent wave,2011.0,140.0,59.0,45.0,-7.0,8.0,21.0,279.0,5.0,3.0,88.0,2011.0
Every Teardrop Is a Waterfall,permanent wave,2011.0,118.0,73.0,43.0,-7.0,17.0,33.0,241.0,0.0,4.0,75.0,2011.0
Where Them Girls At (feat. Nicki Minaj & Flo Rida),big room,2011.0,130.0,87.0,66.0,-3.0,23.0,56.0,210.0,3.0,4.0,69.0,2011.0
Who's That Chick? (feat. Rihanna),big room,2010.0,128.0,60.0,68.0,-5.0,5.0,93.0,201.0,0.0,12.0,66.0,2011.0
Coming Home,hip pop,2010.0,168.0,84.0,39.0,-2.0,30.0,23.0,239.0,16.0,19.0,74.0,2011.0
Louder,dancefloor dnb,2012.0,140.0,93.0,39.0,-1.0,35.0,48.0,207.0,2.0,5.0,40.0,2011.0
I'm On One,dance pop,2011.0,149.0,81.0,41.0,-3.0,63.0,44.0,296.0,5.0,32.0,75.0,2011.0
I Need A Doctor,g funk,2011.0,156.0,95.0,59.0,-5.0,31.0,40.0,284.0,9.0,45.0,77.0,2011.0
Headlines,canadian hip hop,2011.0,152.0,57.0,64.0,-7.0,9.0,43.0,236.0,37.0,11.0,80.0,2011.0
The A Team,pop,2011.0,85.0,29.0,64.0,-10.0,18.0,41.0,258.0,67.0,4.0,80.0,2011.0
Lego House,pop,2011.0,160.0,64.0,59.0,-8.0,13.0,56.0,185.0,56.0,10.0,77.0,2011.0
Tonight (I'm Fuckin' You),dance pop,2010.0,126.0,88.0,67.0,-5.0,14.0,27.0,232.0,3.0,4.0,65.0,2011.0
Springsteen,contemporary country,2011.0,104.0,81.0,69.0,-6.0,19.0,93.0,263.0,10.0,3.0,77.0,2011.0
Changed the Way You Kiss Me - Radio Edit,dance pop,2011.0,127.0,86.0,58.0,-4.0,9.0,19.0,195.0,1.0,4.0,69.0,2011.0
Rocketeer,asian american hip hop,2010.0,96.0,85.0,66.0,-6.0,27.0,36.0,211.0,18.0,5.0,73.0,2011.0
Shake It Out,baroque pop,2011.0,107.0,80.0,53.0,-4.0,11.0,22.0,278.0,1.0,4.0,68.0,2011.0
Pumped Up Kicks,indietronica,2011.0,128.0,71.0,73.0,-6.0,10.0,97.0,240.0,14.0,3.0,88.0,2011.0
Tongue Tied,indie pop,2011.0,113.0,94.0,56.0,-6.0,16.0,37.0,218.0,1.0,4.0,84.0,2011.0
Stereo Hearts (feat. Adam Levine),dance pop,2011.0,90.0,80.0,65.0,-3.0,27.0,80.0,211.0,3.0,10.0,87.0,2011.0
Tonight Tonight,dance pop,2011.0,100.0,78.0,69.0,-5.0,16.0,81.0,200.0,8.0,12.0,79.0,2011.0
Dirt Road Anthem,contemporary country,2010.0,127.0,74.0,68.0,-5.0,12.0,64.0,229.0,35.0,4.0,77.0,2011.0
It Girl,dance pop,2011.0,92.0,72.0,67.0,-5.0,10.0,35.0,192.0,2.0,6.0,76.0,2011.0
Don't Wanna Go Home,dance pop,2011.0,122.0,81.0,67.0,-5.0,13.0,64.0,206.0,2.0,7.0,68.0,2011.0
On The Floor,dance pop,2011.0,130.0,78.0,73.0,-5.0,7.0,57.0,285.0,11.0,5.0,84.0,2011.0
Down On Me,chicago rap,2010.0,160.0,60.0,70.0,-8.0,11.0,59.0,228.0,4.0,11.0,77.0,2011.0
Do It Like A Dude,dance pop,2011.0,140.0,84.0,66.0,-4.0,36.0,38.0,195.0,5.0,5.0,53.0,2011.0
All Of The Lights,chicago rap,2010.0,142.0,80.0,53.0,-3.0,18.0,22.0,300.0,8.0,7.0,82.0,2011.0
Last Friday Night (T.G.I.F.),dance pop,2012.0,126.0,82.0,65.0,-4.0,67.0,77.0,231.0,0.0,4.0,80.0,2011.0
Firework,dance pop,2010.0,124.0,83.0,64.0,-5.0,11.0,65.0,228.0,14.0,5.0,72.0,2011.0
E.T.,dance pop,2012.0,152.0,87.0,62.0,-5.0,37.0,76.0,230.0,2.0,18.0,71.0,2011.0
Motivation,atl hip hop,2011.0,141.0,67.0,74.0,-6.0,11.0,27.0,231.0,19.0,4.0,70.0,2011.0
Pretty Girl Rock,dance pop,2010.0,160.0,87.0,67.0,-5.0,9.0,90.0,244.0,20.0,25.0,72.0,2011.0
We R Who We R,dance pop,2010.0,120.0,82.0,74.0,-5.0,12.0,65.0,205.0,1.0,4.0,77.0,2011.0
Blow,dance pop,2010.0,120.0,73.0,75.0,-4.0,7.0,81.0,220.0,0.0,4.0,75.0,2011.0
Earthquake (feat. Tinie Tempah),indie poptimism,2012.0,153.0,86.0,54.0,-4.0,28.0,26.0,275.0,11.0,10.0,68.0,2011.0
Just A Kiss,contemporary country,2011.0,143.0,64.0,59.0,-6.0,10.0,33.0,219.0,45.0,3.0,69.0,2011.0
Born This Way,art pop,2011.0,124.0,83.0,59.0,-5.0,33.0,49.0,260.0,0.0,16.0,73.0,2011.0
The Edge Of Glory,art pop,2011.0,128.0,77.0,58.0,-7.0,11.0,36.0,321.0,0.0,4.0,68.0,2011.0
6 Foot 7 Foot,hip hop,2011.0,79.0,75.0,37.0,-5.0,32.0,60.0,249.0,0.0,30.0,77.0,2011.0
How To Love,hip hop,2011.0,154.0,66.0,64.0,-6.0,11.0,27.0,240.0,0.0,4.0,72.0,2011.0
Party Rock Anthem,dance pop,2011.0,130.0,73.0,75.0,-4.0,27.0,36.0,262.0,2.0,14.0,74.0,2011.0
Sexy And I Know It,dance pop,2011.0,130.0,86.0,71.0,-4.0,19.0,80.0,199.0,10.0,32.0,68.0,2011.0
The Show Goes On,chicago rap,2011.0,143.0,89.0,59.0,-4.0,16.0,65.0,240.0,2.0,12.0,76.0,2011.0
I Follow Rivers - The Magician Remix,art pop,2021.0,122.0,70.0,79.0,-6.0,8.0,30.0,280.0,2.0,4.0,67.0,2011.0
Midnight City,french shoegaze,2011.0,105.0,71.0,53.0,-7.0,18.0,32.0,241.0,2.0,4.0,76.0,2011.0
Donald Trump,hip hop,2011.0,163.0,90.0,64.0,-7.0,39.0,84.0,166.0,12.0,12.0,67.0,2011.0
Buzzin Remix,pop rap,2011.0,104.0,94.0,69.0,-4.0,28.0,54.0,224.0,9.0,15.0,53.0,2011.0
"Moves Like Jagger - Studio Recording From ""The Voice"" Performance",pop,2010.0,128.0,76.0,72.0,-4.0,31.0,62.0,201.0,1.0,5.0,75.0,2011.0
Sure Thing,dance pop,2010.0,81.0,61.0,68.0,-8.0,19.0,50.0,195.0,3.0,10.0,84.0,2011.0
When We Stand Together,alternative metal,2011.0,188.0,90.0,45.0,-4.0,4.0,88.0,191.0,0.0,5.0,71.0,2011.0
Super Bass,dance pop,2010.0,127.0,86.0,72.0,-4.0,60.0,67.0,200.0,27.0,20.0,83.0,2011.0
L.I.F.E.G.O.E.S.O.N.,indie folk,2011.0,82.0,75.0,60.0,-6.0,35.0,61.0,228.0,21.0,4.0,63.0,2011.0
Heart Skips a Beat (feat. Rizzle Kicks),dance pop,2011.0,111.0,88.0,84.0,-4.0,8.0,88.0,202.0,14.0,6.0,66.0,2011.0
Good Life,dance pop,2009.0,95.0,69.0,63.0,-8.0,13.0,65.0,253.0,8.0,5.0,78.0,2011.0
Raise Your Glass,dance pop,2010.0,122.0,71.0,70.0,-5.0,3.0,62.0,203.0,0.0,8.0,81.0,2011.0
"Give Me Everything (feat. Ne-Yo, Afrojack & Nayer)",dance pop,2011.0,129.0,94.0,67.0,-3.0,30.0,53.0,252.0,19.0,16.0,86.0,2011.0
Hey Baby (Drop It to the Floor) (feat. T-Pain),dance pop,2011.0,128.0,91.0,60.0,-3.0,26.0,76.0,234.0,4.0,9.0,76.0,2011.0
Read All About It,grime,2021.0,101.0,75.0,66.0,-6.0,22.0,45.0,236.0,34.0,4.0,35.0,2011.0
The Adventures of Rain Dance Maggie,alternative rock,2011.0,106.0,73.0,68.0,-5.0,26.0,58.0,282.0,0.0,3.0,71.0,2011.0
S&M,barbadian pop,2010.0,128.0,68.0,77.0,-5.0,9.0,84.0,244.0,1.0,4.0,82.0,2011.0
We Found Love,barbadian pop,2011.0,128.0,77.0,74.0,-4.0,11.0,60.0,215.0,3.0,4.0,80.0,2011.0
Down With The Trumpets,uk hip hop,2011.0,115.0,88.0,75.0,-5.0,24.0,79.0,187.0,9.0,8.0,65.0,2011.0
Loca People - Radio Edit,electro house,2011.0,128.0,81.0,93.0,-3.0,5.0,70.0,216.0,0.0,6.0,45.0,2011.0
Love You Like A Love Song,dance pop,2011.0,117.0,68.0,86.0,-4.0,7.0,92.0,188.0,8.0,5.0,85.0,2011.0
Who Says,dance pop,2011.0,101.0,93.0,68.0,-3.0,15.0,74.0,196.0,8.0,5.0,81.0,2011.0
Sweat - Remix,g funk,2011.0,130.0,73.0,81.0,-6.0,8.0,73.0,196.0,6.0,3.0,73.0,2011.0
Save The World,dance pop,2011.0,127.0,67.0,51.0,-8.0,8.0,40.0,213.0,1.0,5.0,70.0,2011.0
Higher,dance pop,2011.0,128.0,92.0,67.0,-5.0,13.0,70.0,188.0,0.0,8.0,51.0,2011.0
Glad You Came,boy band,2011.0,127.0,85.0,72.0,-4.0,11.0,45.0,198.0,3.0,6.0,83.0,2011.0
More - RedOne Jimmy Joker Remix,atl hip hop,2010.0,125.0,89.0,55.0,-3.0,35.0,79.0,220.0,0.0,5.0,72.0,2011.0
Black and Yellow,dance pop,2011.0,164.0,83.0,68.0,-5.0,27.0,54.0,218.0,6.0,7.0,80.0,2011.0
Roll Up,dance pop,2011.0,125.0,81.0,52.0,-5.0,9.0,60.0,228.0,5.0,19.0,68.0,2011.0
Skyfall,british soul,2012.0,76.0,55.0,35.0,-7.0,11.0,8.0,286.0,42.0,3.0,80.0,2012.0
Rumour Has It,british soul,2011.0,120.0,75.0,61.0,-5.0,17.0,57.0,223.0,62.0,4.0,72.0,2012.0
Years,dance pop,2013.0,128.0,82.0,37.0,-6.0,17.0,32.0,195.0,0.0,8.0,53.0,2012.0
Too Close,modern alternative rock,2011.0,126.0,71.0,58.0,-4.0,11.0,29.0,257.0,1.0,4.0,67.0,2012.0
Breezeblocks,indie rock,2012.0,150.0,66.0,62.0,-7.0,21.0,29.0,227.0,10.0,3.0,77.0,2012.0
R U Mine?,garage rock,2012.0,97.0,79.0,52.0,-5.0,70.0,68.0,200.0,5.0,3.0,39.0,2012.0
One Day / Reckoning Song (Wankelmut Remix) - Radio Edit,israeli pop,2012.0,119.0,67.0,83.0,-6.0,17.0,53.0,215.0,22.0,6.0,72.0,2012.0
Levels - Radio Edit,dance pop,2011.0,126.0,89.0,58.0,-6.0,31.0,46.0,200.0,5.0,3.0,82.0,2012.0
Silhouettes - Original Radio Edit,dance pop,2012.0,128.0,80.0,61.0,-6.0,12.0,84.0,212.0,16.0,5.0,68.0,2012.0
212,dance pop,2014.0,126.0,77.0,85.0,-6.0,8.0,62.0,205.0,1.0,26.0,73.0,2012.0
So Good,atl hip hop,2012.0,86.0,90.0,66.0,-5.0,22.0,59.0,213.0,4.0,14.0,70.0,2012.0
Locked out of Heaven,dance pop,2012.0,144.0,70.0,73.0,-4.0,31.0,87.0,233.0,5.0,4.0,91.0,2012.0
It Will Rain,dance pop,2011.0,150.0,84.0,58.0,-7.0,8.0,48.0,258.0,34.0,5.0,74.0,2012.0
Feel So Close - Radio Edit,dance pop,2012.0,128.0,92.0,71.0,-3.0,20.0,92.0,206.0,0.0,3.0,85.0,2012.0
Let's Go (feat. Ne-Yo),dance pop,2012.0,128.0,88.0,71.0,-3.0,29.0,88.0,233.0,1.0,6.0,71.0,2012.0
We'll Be Coming Back (feat. Example),dance pop,2012.0,128.0,95.0,60.0,-4.0,60.0,57.0,234.0,0.0,9.0,68.0,2012.0
Call Me Maybe,canadian pop,2012.0,120.0,58.0,78.0,-7.0,11.0,66.0,193.0,1.0,4.0,76.0,2012.0
Blown Away,contemporary country,2012.0,137.0,84.0,53.0,-3.0,3.0,39.0,240.0,9.0,4.0,68.0,2012.0
Want U Back,dance pop,2012.0,98.0,89.0,69.0,-3.0,56.0,56.0,215.0,6.0,9.0,71.0,2012.0
Turn Up the Music,dance pop,2012.0,130.0,84.0,59.0,-6.0,16.0,64.0,228.0,0.0,10.0,69.0,2012.0
Princess of China,permanent wave,2011.0,85.0,69.0,42.0,-6.0,29.0,24.0,239.0,0.0,3.0,72.0,2012.0
Turn Me On (feat. Nicki Minaj),big room,2011.0,128.0,79.0,71.0,-2.0,57.0,41.0,200.0,5.0,6.0,64.0,2012.0
In The Dark,dance pop,2012.0,125.0,82.0,74.0,-4.0,33.0,44.0,226.0,0.0,7.0,62.0,2012.0
Latch,edm,2013.0,122.0,74.0,73.0,-5.0,9.0,54.0,256.0,2.0,9.0,75.0,2012.0
Hot Right Now - Edit,dancefloor dnb,2010.0,175.0,96.0,51.0,-2.0,12.0,39.0,179.0,1.0,4.0,41.0,2012.0
Take Care,canadian hip hop,2011.0,122.0,52.0,63.0,-10.0,9.0,30.0,277.0,3.0,27.0,81.0,2012.0
The Motto,canadian hip hop,2011.0,202.0,44.0,77.0,-9.0,11.0,39.0,182.0,0.0,36.0,79.0,2012.0
Lights - Single Version,dance pop,2010.0,120.0,80.0,68.0,-6.0,13.0,78.0,211.0,3.0,4.0,68.0,2012.0
Good Feeling,dance pop,2012.0,128.0,89.0,71.0,-4.0,31.0,68.0,248.0,6.0,7.0,81.0,2012.0
Spectrum (Say My Name) - Calvin Harris Remix,baroque pop,2012.0,126.0,95.0,58.0,-4.0,10.0,59.0,218.0,0.0,5.0,59.0,2012.0
Lost,alternative r&b,2012.0,123.0,60.0,91.0,-5.0,17.0,50.0,234.0,3.0,23.0,91.0,2012.0
Thinkin Bout You,alternative r&b,2012.0,130.0,34.0,72.0,-11.0,10.0,20.0,201.0,41.0,5.0,81.0,2012.0
We Are Young (feat. Janelle Monáe),baroque pop,2012.0,184.0,64.0,38.0,-6.0,8.0,74.0,251.0,2.0,8.0,79.0,2012.0
Some Nights,baroque pop,2012.0,108.0,74.0,67.0,-7.0,9.0,39.0,277.0,2.0,5.0,76.0,2012.0
Somebody That I Used To Know,australian pop,2011.0,129.0,50.0,86.0,-7.0,10.0,72.0,245.0,59.0,4.0,81.0,2012.0
Oblivion,art pop,2012.0,156.0,53.0,70.0,-9.0,9.0,49.0,251.0,12.0,3.0,71.0,2012.0
Ass Back Home (feat. Neon Hitch),dance pop,2011.0,130.0,84.0,72.0,-4.0,15.0,65.0,222.0,13.0,5.0,67.0,2012.0
I Love It (feat. Charli XCX),candy pop,2013.0,126.0,91.0,71.0,-3.0,15.0,82.0,157.0,1.0,3.0,74.0,2012.0
It's Time,modern rock,2012.0,105.0,88.0,66.0,-5.0,14.0,86.0,238.0,2.0,4.0,72.0,2012.0
On Top Of The World,modern rock,2012.0,100.0,93.0,64.0,-6.0,9.0,76.0,190.0,9.0,15.0,72.0,2012.0
Ni**as In Paris,east coast hip hop,2011.0,140.0,86.0,79.0,-6.0,35.0,78.0,219.0,13.0,31.0,88.0,2012.0
Boyfriend,canadian pop,2012.0,97.0,55.0,72.0,-6.0,13.0,33.0,171.0,4.0,5.0,68.0,2012.0
Mercy,chicago rap,2012.0,140.0,50.0,56.0,-9.0,17.0,43.0,329.0,7.0,41.0,79.0,2012.0
Brokenhearted,dance pop,2012.0,120.0,77.0,77.0,-3.0,5.0,89.0,227.0,1.0,6.0,70.0,2012.0
The One That Got Away,dance pop,2012.0,134.0,79.0,69.0,-4.0,20.0,86.0,227.0,0.0,4.0,78.0,2012.0
Part Of Me,dance pop,2012.0,130.0,92.0,68.0,-5.0,7.0,77.0,216.0,0.0,4.0,78.0,2012.0
Swimming Pools (Drank) - Extended Version,conscious hip hop,2012.0,74.0,49.0,72.0,-8.0,60.0,26.0,314.0,12.0,40.0,76.0,2012.0
m.A.A.d city,conscious hip hop,2012.0,91.0,73.0,49.0,-7.0,44.0,22.0,350.0,5.0,27.0,73.0,2012.0
Die Young,dance pop,2012.0,128.0,70.0,71.0,-5.0,22.0,80.0,212.0,0.0,5.0,83.0,2012.0
C'Mon,dance pop,2012.0,126.0,78.0,56.0,-5.0,10.0,29.0,214.0,1.0,10.0,67.0,2012.0
Ride,art pop,2012.0,94.0,69.0,37.0,-6.0,38.0,19.0,289.0,13.0,3.0,64.0,2012.0
Video Games,art pop,2012.0,122.0,25.0,39.0,-10.0,9.0,18.0,282.0,81.0,3.0,63.0,2012.0
Born To Die,art pop,2012.0,86.0,63.0,39.0,-7.0,20.0,40.0,286.0,20.0,4.0,62.0,2012.0
BURN IT DOWN,alternative metal,2012.0,110.0,97.0,59.0,-4.0,7.0,59.0,230.0,1.0,5.0,79.0,2012.0
Battle Scars (with Guy Sebastian),chicago rap,2012.0,168.0,81.0,52.0,-5.0,11.0,49.0,250.0,19.0,29.0,74.0,2012.0
Primadonna,art pop,2012.0,128.0,69.0,66.0,-3.0,9.0,43.0,221.0,9.0,3.0,84.0,2012.0
How to Be a Heartbreaker,art pop,2012.0,140.0,90.0,69.0,-5.0,11.0,85.0,221.0,1.0,5.0,77.0,2012.0
One More Night,pop,2012.0,93.0,82.0,72.0,-3.0,8.0,61.0,219.0,4.0,3.0,74.0,2012.0
Payphone,pop,2012.0,110.0,76.0,74.0,-5.0,37.0,52.0,231.0,1.0,4.0,69.0,2012.0
Adorn,dance pop,2012.0,179.0,58.0,63.0,-6.0,19.0,24.0,193.0,5.0,18.0,72.0,2012.0
Madness,modern rock,2012.0,180.0,42.0,50.0,-8.0,11.0,22.0,281.0,13.0,7.0,72.0,2012.0
Everybody Talks,modern alternative rock,2012.0,155.0,92.0,47.0,-4.0,31.0,73.0,177.0,0.0,6.0,85.0,2012.0
Starships,dance pop,2011.0,125.0,72.0,75.0,-2.0,25.0,75.0,211.0,14.0,8.0,78.0,2012.0
Pound The Alarm,dance pop,2012.0,125.0,86.0,73.0,-4.0,2.0,59.0,206.0,4.0,6.0,69.0,2012.0
Dirty Paws,folk-pop,2012.0,112.0,65.0,36.0,-7.0,6.0,13.0,278.0,11.0,3.0,74.0,2012.0
Troublemaker (feat. Flo Rida),dance pop,2012.0,106.0,86.0,76.0,-4.0,13.0,97.0,186.0,2.0,6.0,80.0,2012.0
What Makes You Beautiful,boy band,2012.0,125.0,79.0,73.0,-2.0,6.0,89.0,200.0,1.0,7.0,88.0,2012.0
Live While We're Young,boy band,2012.0,126.0,86.0,66.0,-2.0,14.0,93.0,200.0,5.0,5.0,79.0,2012.0
Million Voices - Radio Edit,edm,2012.0,126.0,89.0,58.0,-6.0,7.0,7.0,193.0,0.0,4.0,75.0,2012.0
Good Time,indietronica,2012.0,126.0,87.0,56.0,-4.0,37.0,68.0,206.0,2.0,14.0,82.0,2012.0
Blow Me (One Last Kiss),dance pop,2012.0,114.0,92.0,60.0,-3.0,28.0,73.0,256.0,0.0,4.0,71.0,2012.0
Take a Walk,alternative dance,2012.0,101.0,76.0,57.0,-6.0,32.0,45.0,264.0,3.0,4.0,74.0,2012.0
"Gone, Gone, Gone",folk-pop,2013.0,118.0,64.0,66.0,-6.0,11.0,50.0,210.0,13.0,4.0,76.0,2012.0
Home,folk-pop,2013.0,121.0,83.0,61.0,-6.0,12.0,32.0,210.0,3.0,3.0,73.0,2012.0
Gangnam Style (강남스타일),k-pop,2012.0,132.0,94.0,73.0,-3.0,9.0,75.0,219.0,0.0,29.0,77.0,2012.0
Where Have You Been,barbadian pop,2011.0,128.0,85.0,72.0,-6.0,22.0,44.0,243.0,0.0,9.0,76.0,2012.0
R.I.P. (feat. Tinie Tempah),dance pop,2012.0,72.0,83.0,61.0,-3.0,65.0,35.0,228.0,3.0,5.0,52.0,2012.0
Mama Do The Hump,uk hip hop,2011.0,98.0,89.0,72.0,-4.0,7.0,56.0,216.0,1.0,13.0,61.0,2012.0
Candy,dance pop,2012.0,116.0,79.0,72.0,-7.0,7.0,88.0,201.0,4.0,4.0,73.0,2012.0
Feel the Love (feat. John Newman),dance pop,2013.0,180.0,71.0,39.0,-7.0,69.0,24.0,245.0,0.0,6.0,52.0,2012.0
Hands on the Wheel (feat. Asap Rocky),gangster rap,2012.0,128.0,78.0,65.0,-7.0,7.0,18.0,197.0,2.0,11.0,67.0,2012.0
Bangarang (feat. Sirah),brostep,2011.0,110.0,97.0,72.0,-2.0,32.0,58.0,215.0,1.0,20.0,75.0,2012.0
"Young, Wild & Free (feat. Bruno Mars)",g funk,2011.0,95.0,66.0,72.0,-6.0,12.0,53.0,207.0,5.0,14.0,82.0,2012.0
Don't You Worry Child - Radio Edit,dance pop,2012.0,129.0,84.0,61.0,-3.0,12.0,44.0,213.0,11.0,5.0,81.0,2012.0
I Knew You Were Trouble.,pop,2012.0,77.0,47.0,62.0,-7.0,3.0,68.0,220.0,0.0,4.0,82.0,2012.0
We Are Never Ever Getting Back Together,pop,2012.0,86.0,68.0,63.0,-6.0,12.0,75.0,193.0,1.0,9.0,80.0,2012.0
Ho Hey,folk-pop,2012.0,80.0,47.0,69.0,-9.0,9.0,35.0,163.0,79.0,3.0,77.0,2012.0
Chasing The Sun,boy band,2012.0,128.0,73.0,64.0,-6.0,50.0,68.0,199.0,24.0,10.0,74.0,2012.0
Angels,downtempo,2012.0,92.0,16.0,42.0,-18.0,10.0,34.0,172.0,95.0,4.0,68.0,2012.0
Drive By,dance pop,2012.0,122.0,84.0,77.0,-3.0,8.0,72.0,196.0,0.0,3.0,82.0,2012.0
50 Ways to Say Goodbye,dance pop,2012.0,140.0,94.0,59.0,-3.0,14.0,74.0,248.0,0.0,5.0,73.0,2012.0
Heart Attack,dance pop,2012.0,150.0,86.0,61.0,-5.0,23.0,48.0,233.0,6.0,13.0,61.0,2012.0
Rack City,dance pop,2012.0,99.0,34.0,93.0,-11.0,19.0,27.0,203.0,4.0,37.0,67.0,2012.0
Faded,dance pop,2012.0,95.0,67.0,83.0,-8.0,35.0,34.0,207.0,1.0,19.0,63.0,2012.0
Climax,atl hip hop,2012.0,136.0,48.0,65.0,-9.0,16.0,33.0,233.0,55.0,8.0,65.0,2012.0
Anna Sun,dance pop,2012.0,140.0,84.0,47.0,-7.0,24.0,34.0,321.0,0.0,5.0,68.0,2012.0
"Work Hard, Play Hard",dance pop,2012.0,140.0,67.0,79.0,-4.0,30.0,49.0,219.0,4.0,5.0,67.0,2012.0
We Own It (Fast & Furious),atl hip hop,2013.0,172.0,90.0,56.0,-5.0,5.0,56.0,228.0,5.0,40.0,75.0,2013.0
"F**kin' Problems (feat. Drake, 2 Chainz & Kendrick Lamar)",east coast hip hop,2013.0,96.0,69.0,85.0,-7.0,11.0,66.0,234.0,2.0,28.0,81.0,2013.0
Why'd You Only Call Me When You're High?,garage rock,2013.0,92.0,63.0,69.0,-6.0,10.0,80.0,161.0,5.0,4.0,90.0,2013.0
Do I Wanna Know?,garage rock,2013.0,85.0,53.0,55.0,-8.0,22.0,41.0,272.0,19.0,3.0,89.0,2013.0
The Way,dance pop,2013.0,82.0,88.0,65.0,-3.0,8.0,86.0,227.0,29.0,11.0,71.0,2013.0
Wake Me Up,dance pop,2013.0,124.0,78.0,53.0,-6.0,16.0,64.0,247.0,0.0,5.0,89.0,2013.0
I Could Be The One (Avicii Vs. Nicky Romero) - Radio Edit,dance pop,2012.0,128.0,79.0,51.0,-4.0,32.0,64.0,208.0,33.0,4.0,73.0,2013.0
Here's to Never Growing Up,canadian pop,2013.0,165.0,87.0,48.0,-3.0,41.0,74.0,214.0,1.0,9.0,75.0,2013.0
Sail,la indie,2011.0,119.0,44.0,83.0,-10.0,10.0,27.0,259.0,44.0,6.0,80.0,2013.0
Harlem Shake,bass trap,2013.0,138.0,79.0,45.0,-5.0,42.0,28.0,197.0,1.0,5.0,63.0,2013.0
Pompeii,metropopolis,2013.0,127.0,72.0,68.0,-6.0,27.0,57.0,214.0,8.0,4.0,80.0,2013.0
Of The Night,metropopolis,2013.0,125.0,83.0,67.0,-7.0,9.0,35.0,214.0,2.0,4.0,66.0,2013.0
Get Up (Rattle),big room,2013.0,128.0,98.0,80.0,-3.0,26.0,80.0,167.0,2.0,7.0,61.0,2013.0
Sure Be Cool If You Did,contemporary country,2013.0,137.0,73.0,58.0,-5.0,11.0,58.0,216.0,26.0,4.0,61.0,2013.0
Ready or Not,dance pop,2012.0,93.0,87.0,72.0,-4.0,11.0,75.0,201.0,0.0,5.0,77.0,2013.0
Work Bitch,dance pop,2013.0,128.0,82.0,63.0,-7.0,7.0,85.0,248.0,16.0,16.0,76.0,2013.0
When I Was Your Man,dance pop,2012.0,73.0,28.0,61.0,-9.0,9.0,39.0,214.0,93.0,4.0,89.0,2013.0
Treasure,dance pop,2012.0,116.0,69.0,87.0,-5.0,32.0,94.0,179.0,4.0,4.0,83.0,2013.0
Sweet Nothing (feat. Florence Welch),dance pop,2012.0,128.0,93.0,57.0,-4.0,6.0,58.0,213.0,20.0,11.0,76.0,2013.0
I Need Your Love (feat. Ellie Goulding),dance pop,2012.0,125.0,87.0,70.0,-5.0,24.0,58.0,235.0,41.0,5.0,75.0,2013.0
Thinking About You (feat. Ayah Marar),dance pop,2012.0,128.0,87.0,73.0,-4.0,10.0,75.0,248.0,0.0,4.0,71.0,2013.0
Drinking from the Bottle (feat. Tinie Tempah),dance pop,2012.0,128.0,89.0,67.0,-4.0,5.0,53.0,240.0,5.0,5.0,67.0,2013.0
Safe And Sound,metropopolis,2013.0,118.0,82.0,66.0,-5.0,10.0,77.0,193.0,0.0,3.0,87.0,2013.0
3005,atl hip hop,2013.0,166.0,45.0,47.0,-7.0,9.0,64.0,234.0,11.0,33.0,83.0,2013.0
Fine China,dance pop,2014.0,104.0,73.0,65.0,-5.0,12.0,59.0,213.0,4.0,6.0,66.0,2013.0
The Mother We Share,electropop,2013.0,174.0,69.0,46.0,-6.0,13.0,34.0,191.0,3.0,3.0,61.0,2013.0
Body Party,dance pop,2013.0,134.0,58.0,58.0,-6.0,60.0,12.0,234.0,1.0,6.0,70.0,2013.0
Get Lucky (feat. Pharrell Williams & Nile Rodgers) - Radio Edit,electro,2013.0,116.0,81.0,79.0,-9.0,10.0,86.0,248.0,4.0,4.0,88.0,2013.0
Lose Yourself to Dance (feat. Pharrell Williams),electro,2013.0,100.0,66.0,83.0,-8.0,8.0,67.0,354.0,8.0,6.0,74.0,2013.0
Play Hard (feat. Ne-Yo & Akon),big room,2011.0,130.0,92.0,69.0,-2.0,33.0,80.0,201.0,17.0,5.0,65.0,2013.0
White Noise,edm,2013.0,120.0,85.0,68.0,-6.0,35.0,87.0,278.0,1.0,5.0,54.0,2013.0
"Hold On, We're Going Home",canadian hip hop,2013.0,100.0,41.0,78.0,-7.0,7.0,29.0,228.0,0.0,9.0,76.0,2013.0
Started From the Bottom,canadian hip hop,2013.0,86.0,52.0,79.0,-8.0,16.0,58.0,174.0,3.0,16.0,71.0,2013.0
Need U (100%) (feat. A*M*E) - Radio Edit,destroy techno,2013.0,124.0,85.0,67.0,-5.0,39.0,46.0,174.0,0.0,5.0,65.0,2013.0
The Monster,detroit hip hop,2013.0,110.0,85.0,78.0,-4.0,12.0,62.0,250.0,5.0,7.0,81.0,2013.0
Berzerk,detroit hip hop,2013.0,95.0,87.0,74.0,-4.0,26.0,68.0,239.0,2.0,33.0,72.0,2013.0
My Songs Know What You Did In The Dark (Light Em Up),emo,2013.0,152.0,92.0,56.0,-4.0,54.0,57.0,187.0,3.0,6.0,77.0,2013.0
I Cry,dance pop,2012.0,126.0,82.0,69.0,-5.0,32.0,76.0,224.0,1.0,4.0,69.0,2013.0
Cruise,contemporary country,2012.0,148.0,95.0,46.0,-3.0,5.0,88.0,209.0,2.0,4.0,63.0,2013.0
Demons,modern rock,2012.0,90.0,71.0,51.0,-3.0,33.0,43.0,175.0,19.0,3.0,78.0,2013.0
Radioactive,modern rock,2012.0,136.0,78.0,45.0,-4.0,67.0,24.0,187.0,11.0,6.0,77.0,2013.0
Power Trip (feat. Miguel),conscious hip hop,2013.0,100.0,61.0,67.0,-7.0,43.0,48.0,241.0,32.0,22.0,81.0,2013.0
Talk Dirty (feat. 2 Chainz),dance pop,2013.0,100.0,65.0,76.0,-7.0,31.0,76.0,178.0,3.0,23.0,71.0,2013.0
The Other Side,dance pop,2013.0,128.0,84.0,56.0,-4.0,14.0,52.0,227.0,5.0,10.0,66.0,2013.0
Holy Grail,east coast hip hop,2013.0,145.0,53.0,68.0,-7.0,26.0,16.0,338.0,6.0,8.0,68.0,2013.0
Love Me Again,dance pop,2013.0,126.0,89.0,50.0,-5.0,10.0,21.0,240.0,0.0,4.0,69.0,2013.0
Beauty And A Beat,canadian pop,2012.0,128.0,84.0,60.0,-5.0,7.0,53.0,228.0,0.0,6.0,78.0,2013.0
Mirrors,dance pop,2013.0,77.0,51.0,57.0,-7.0,9.0,51.0,484.0,23.0,5.0,83.0,2013.0
Suit & Tie (feat. Jay-Z),dance pop,2013.0,102.0,60.0,80.0,-4.0,16.0,36.0,326.0,10.0,22.0,72.0,2013.0
Black Skinhead,chicago rap,2013.0,130.0,81.0,77.0,-6.0,17.0,33.0,188.0,0.0,28.0,80.0,2013.0
This Is How We Do,dance pop,2013.0,96.0,64.0,69.0,-6.0,15.0,80.0,204.0,2.0,5.0,66.0,2013.0
Sonnentanz - Sun Don't Shine,austrian pop,2013.0,120.0,54.0,59.0,-8.0,11.0,17.0,236.0,11.0,9.0,56.0,2013.0
All I Want,irish pop,2013.0,187.0,41.0,19.0,-10.0,8.0,16.0,306.0,17.0,5.0,86.0,2013.0
High Hopes,irish pop,2013.0,77.0,49.0,49.0,-6.0,19.0,22.0,230.0,58.0,3.0,73.0,2013.0
Summertime Sadness (Lana Del Rey Vs. Cedric Gervais) - Cedric Gervais Remix,art pop,2013.0,126.0,81.0,57.0,-6.0,13.0,11.0,215.0,2.0,6.0,78.0,2013.0
Love Me,hip hop,2013.0,125.0,63.0,67.0,-6.0,9.0,50.0,255.0,1.0,3.0,73.0,2013.0
Somewhere Only We Know,dance pop,2014.0,81.0,29.0,31.0,-11.0,10.0,29.0,209.0,93.0,3.0,56.0,2013.0
Royals,art pop,2013.0,85.0,43.0,67.0,-10.0,13.0,34.0,190.0,12.0,12.0,83.0,2013.0
Team,art pop,2013.0,100.0,58.0,69.0,-7.0,31.0,42.0,193.0,17.0,9.0,82.0,2013.0
Can't Hold Us (feat. Ray Dalton),dance pop,2012.0,146.0,92.0,64.0,-4.0,9.0,85.0,258.0,3.0,8.0,87.0,2013.0
Thrift Shop (feat. Wanz),dance pop,2012.0,95.0,53.0,78.0,-7.0,5.0,67.0,236.0,6.0,29.0,79.0,2013.0
Same Love (feat. Mary Lambert),dance pop,2012.0,85.0,47.0,69.0,-9.0,10.0,30.0,319.0,72.0,17.0,69.0,2013.0
Daylight,pop,2012.0,120.0,68.0,66.0,-6.0,21.0,33.0,225.0,0.0,3.0,66.0,2013.0
Animals - Radio Edit,dance pop,2016.0,128.0,91.0,59.0,-5.0,7.0,4.0,176.0,0.0,4.0,64.0,2013.0
It's a Beautiful Day,adult standards,2013.0,144.0,80.0,53.0,-4.0,30.0,78.0,199.0,6.0,4.0,71.0,2013.0
We Can't Stop,dance pop,2013.0,80.0,62.0,61.0,-6.0,37.0,48.0,231.0,1.0,3.0,83.0,2013.0
I Will Wait,modern folk rock,2012.0,131.0,76.0,48.0,-5.0,31.0,45.0,277.0,1.0,3.0,73.0,2013.0
La La La,tropical house,2013.0,125.0,68.0,75.0,-4.0,11.0,25.0,221.0,11.0,3.0,63.0,2013.0
Hey Porsche,dance pop,2013.0,116.0,79.0,73.0,-5.0,65.0,95.0,209.0,15.0,3.0,49.0,2013.0
Little Talks,folk-pop,2012.0,103.0,76.0,46.0,-5.0,15.0,42.0,267.0,2.0,3.0,85.0,2013.0
Best Song Ever,boy band,2013.0,118.0,88.0,65.0,-3.0,8.0,49.0,200.0,2.0,5.0,81.0,2013.0
One Way or Another (Teenage Kicks),boy band,2013.0,162.0,87.0,49.0,-3.0,59.0,41.0,157.0,3.0,7.0,71.0,2013.0
True Love (feat. Lily Allen),dance pop,2012.0,192.0,82.0,46.0,-5.0,11.0,58.0,231.0,0.0,31.0,76.0,2013.0
Still into You,candy pop,2013.0,136.0,92.0,60.0,-4.0,6.0,77.0,216.0,1.0,4.0,85.0,2013.0
Ain't It Fun,candy pop,2013.0,104.0,89.0,61.0,-4.0,2.0,67.0,297.0,15.0,9.0,78.0,2013.0
Feel This Moment (feat. Christina Aguilera),dance pop,2012.0,136.0,76.0,67.0,-4.0,34.0,54.0,230.0,4.0,16.0,82.0,2013.0
Don't Stop the Party (feat. TJR),dance pop,2012.0,127.0,96.0,72.0,-4.0,38.0,95.0,206.0,1.0,9.0,69.0,2013.0
Blurred Lines,contemporary r&b,2013.0,120.0,50.0,86.0,-8.0,8.0,88.0,263.0,0.0,5.0,61.0,2013.0
Waiting All Night (feat. Ella Eyre),dance pop,2013.0,175.0,73.0,54.0,-5.0,43.0,28.0,293.0,0.0,5.0,50.0,2013.0
Reload - Radio Edit,dance pop,2013.0,128.0,72.0,49.0,-5.0,6.0,43.0,221.0,7.0,5.0,73.0,2013.0
Come & Get It,dance pop,2013.0,80.0,79.0,55.0,-4.0,8.0,57.0,232.0,1.0,5.0,75.0,2013.0
Look Right Through - MK Vocal Edit,deep disco house,2013.0,120.0,82.0,83.0,-8.0,28.0,51.0,148.0,0.0,8.0,44.0,2013.0
Papaoutai,belgian pop,2013.0,116.0,81.0,73.0,-7.0,6.0,25.0,232.0,3.0,8.0,60.0,2013.0
22,pop,2012.0,104.0,73.0,66.0,-7.0,5.0,67.0,232.0,0.0,4.0,74.0,2013.0
Everything Has Changed,pop,2012.0,80.0,46.0,62.0,-7.0,31.0,44.0,245.0,36.0,3.0,71.0,2013.0
Chocolate,modern alternative rock,2013.0,100.0,94.0,59.0,-4.0,38.0,68.0,225.0,0.0,5.0,66.0,2013.0
Sweater Weather,modern alternative rock,2013.0,124.0,81.0,61.0,-3.0,10.0,40.0,240.0,5.0,3.0,95.0,2013.0
What About Us,bubblegum dance,2013.0,124.0,68.0,70.0,-5.0,21.0,69.0,221.0,1.0,6.0,67.0,2013.0
Another Love,chill pop,2013.0,123.0,54.0,45.0,-9.0,9.0,13.0,244.0,70.0,4.0,94.0,2013.0
Bad (feat. Rihanna) - Remix,gangster rap,2013.0,114.0,70.0,81.0,-7.0,11.0,45.0,239.0,31.0,7.0,67.0,2013.0
Scream & Shout,dance pop,2013.0,130.0,69.0,77.0,-7.0,13.0,50.0,283.0,2.0,7.0,83.0,2013.0
#thatPOWER,dance pop,2013.0,128.0,61.0,80.0,-6.0,7.0,40.0,280.0,0.0,6.0,74.0,2013.0
The Fox (What Does the Fox Say?),comic,2013.0,128.0,87.0,70.0,-4.0,12.0,55.0,214.0,11.0,5.0,68.0,2013.0
Clarity,complextro,2012.0,128.0,78.0,51.0,-3.0,7.0,18.0,271.0,4.0,7.0,80.0,2013.0
She Looks So Perfect,boy band,2014.0,160.0,95.0,49.0,-4.0,33.0,44.0,202.0,0.0,13.0,78.0,2014.0
Amnesia,boy band,2014.0,102.0,50.0,57.0,-5.0,21.0,11.0,237.0,3.0,3.0,71.0,2014.0
Heroes (we could be),dance pop,2014.0,126.0,75.0,52.0,-4.0,24.0,35.0,210.0,4.0,6.0,58.0,2014.0
The Man,pop soul,2014.0,82.0,77.0,31.0,-7.0,21.0,49.0,255.0,3.0,7.0,63.0,2014.0
Best Day Of My Life,indie poptimism,2014.0,100.0,90.0,67.0,-2.0,6.0,54.0,194.0,6.0,3.0,83.0,2014.0
Love Me Harder,dance pop,2014.0,99.0,71.0,47.0,-4.0,8.0,24.0,236.0,1.0,3.0,80.0,2014.0
Problem,dance pop,2014.0,103.0,81.0,66.0,-5.0,16.0,63.0,194.0,2.0,15.0,78.0,2014.0
Break Free,dance pop,2014.0,130.0,70.0,69.0,-5.0,20.0,28.0,215.0,1.0,5.0,80.0,2014.0
Hey Brother,dance pop,2013.0,125.0,78.0,55.0,-5.0,8.0,46.0,255.0,3.0,4.0,82.0,2014.0
Shower,dance pop,2014.0,120.0,53.0,70.0,-8.0,28.0,12.0,206.0,3.0,5.0,83.0,2014.0
Drunk in Love (feat. Jay-Z),dance pop,2014.0,140.0,62.0,59.0,-7.0,18.0,40.0,323.0,1.0,5.0,75.0,2014.0
Hot N*gga,nyc rap,2014.0,168.0,51.0,79.0,-7.0,6.0,18.0,195.0,5.0,42.0,78.0,2014.0
Summer,dance pop,2014.0,128.0,86.0,60.0,-4.0,14.0,74.0,223.0,2.0,3.0,86.0,2014.0
Blame (feat. John Newman),dance pop,2014.0,128.0,86.0,41.0,-4.0,34.0,35.0,213.0,3.0,8.0,81.0,2014.0
Under Control (feat. Hurts),dance pop,2014.0,126.0,92.0,54.0,-3.0,12.0,51.0,184.0,13.0,8.0,77.0,2014.0
Boom Clap,art pop,2014.0,92.0,91.0,66.0,-2.0,19.0,58.0,170.0,15.0,8.0,54.0,2014.0
Loyal (feat. Lil Wayne & Tyga),dance pop,2014.0,99.0,52.0,84.0,-6.0,19.0,62.0,265.0,2.0,5.0,78.0,2014.0
New Flame (feat. Usher & Rick Ross),dance pop,2014.0,142.0,63.0,70.0,-4.0,10.0,45.0,244.0,5.0,4.0,73.0,2014.0
Rather Be (feat. Jess Glynne),dance pop,2014.0,121.0,59.0,80.0,-7.0,19.0,55.0,228.0,16.0,4.0,77.0,2014.0
First,alternative rock,2014.0,78.0,69.0,47.0,-4.0,52.0,56.0,200.0,2.0,3.0,71.0,2014.0
Magic,permanent wave,2014.0,93.0,48.0,74.0,-9.0,11.0,35.0,285.0,3.0,4.0,78.0,2014.0
A Sky Full of Stars,permanent wave,2014.0,125.0,68.0,55.0,-6.0,21.0,16.0,268.0,1.0,3.0,85.0,2014.0
Bad (feat. Vassy) - Radio Edit,big room,2014.0,128.0,97.0,61.0,-4.0,33.0,41.0,171.0,0.0,9.0,56.0,2014.0
Lovers on the Sun (feat. Sam Martin),big room,2014.0,125.0,89.0,65.0,-3.0,38.0,57.0,204.0,9.0,4.0,53.0,2014.0
Turn Down for What,dance pop,2013.0,100.0,80.0,82.0,-4.0,6.0,8.0,214.0,0.0,16.0,76.0,2014.0
You Know You Like It,dance pop,2014.0,196.0,73.0,41.0,-5.0,31.0,25.0,247.0,1.0,19.0,75.0,2014.0
I Got U,destroy techno,2014.0,121.0,76.0,64.0,-8.0,9.0,46.0,286.0,0.0,4.0,65.0,2014.0
Cool Kids,dance pop,2013.0,130.0,67.0,72.0,-6.0,12.0,79.0,238.0,4.0,3.0,76.0,2014.0
Don't,pop,2014.0,95.0,61.0,81.0,-7.0,64.0,85.0,220.0,1.0,7.0,78.0,2014.0
Sing,pop,2014.0,120.0,67.0,82.0,-4.0,6.0,94.0,235.0,30.0,5.0,75.0,2014.0
Ugly Heart,dance pop,2014.0,125.0,79.0,65.0,-5.0,32.0,45.0,198.0,2.0,5.0,70.0,2014.0
Budapest,folk-pop,2014.0,128.0,46.0,72.0,-8.0,11.0,39.0,201.0,8.0,3.0,83.0,2014.0
Blame It on Me,folk-pop,2014.0,104.0,76.0,54.0,-3.0,34.0,42.0,196.0,47.0,3.0,73.0,2014.0
Ready For Your Love,deep groove house,2014.0,122.0,75.0,68.0,-7.0,33.0,47.0,199.0,5.0,15.0,51.0,2014.0
Fancy,australian hip hop,2014.0,95.0,72.0,91.0,-4.0,5.0,38.0,200.0,9.0,7.0,74.0,2014.0
Black Widow,australian hip hop,2014.0,164.0,72.0,74.0,-4.0,11.0,52.0,209.0,19.0,12.0,71.0,2014.0
Wiggle (feat. Snoop Dogg),dance pop,2013.0,82.0,62.0,70.0,-7.0,16.0,72.0,193.0,8.0,25.0,63.0,2014.0
Trumpets,dance pop,2013.0,82.0,69.0,64.0,-5.0,10.0,64.0,217.0,56.0,26.0,69.0,2014.0
Don't Tell 'Em,chicago rap,2015.0,98.0,53.0,86.0,-5.0,11.0,39.0,267.0,39.0,10.0,80.0,2014.0
Bang Bang,dance pop,2014.0,150.0,79.0,71.0,-3.0,38.0,75.0,199.0,26.0,9.0,83.0,2014.0
All of Me,neo soul,2013.0,120.0,26.0,42.0,-7.0,13.0,33.0,270.0,92.0,3.0,90.0,2014.0
Not a Bad Thing,dance pop,2013.0,86.0,56.0,31.0,-9.0,13.0,11.0,688.0,53.0,7.0,61.0,2014.0
Dark Horse,dance pop,2013.0,132.0,59.0,65.0,-6.0,17.0,35.0,216.0,0.0,5.0,79.0,2014.0
Show Me (feat. Chris Brown),dance pop,2014.0,98.0,51.0,71.0,-7.0,14.0,66.0,218.0,4.0,5.0,74.0,2014.0
Hideaway,electropop,2014.0,123.0,72.0,84.0,-4.0,8.0,20.0,252.0,9.0,5.0,70.0,2014.0
Jubel - Radio Edit,deep house,2013.0,125.0,52.0,69.0,-7.0,14.0,10.0,202.0,65.0,3.0,55.0,2014.0
Jealous,indie poptimism,2014.0,117.0,15.0,44.0,-9.0,11.0,10.0,288.0,87.0,5.0,82.0,2014.0
Prayer in C - Robin Schulz Radio Edit,french indie pop,2014.0,123.0,88.0,76.0,-6.0,60.0,80.0,189.0,2.0,3.0,77.0,2014.0
Rude,reggae fusion,2014.0,144.0,76.0,77.0,-5.0,31.0,93.0,225.0,4.0,4.0,85.0,2014.0
Maps,pop,2014.0,120.0,71.0,74.0,-6.0,6.0,88.0,190.0,2.0,3.0,87.0,2014.0
Animals,pop,2014.0,190.0,74.0,28.0,-6.0,59.0,33.0,231.0,0.0,9.0,85.0,2014.0
Sugar,pop,2014.0,120.0,79.0,75.0,-7.0,9.0,88.0,235.0,6.0,3.0,85.0,2014.0
All About That Bass,dance pop,2015.0,134.0,89.0,81.0,-4.0,12.0,96.0,188.0,6.0,5.0,78.0,2014.0
Stolen Dance,german pop,2014.0,114.0,58.0,89.0,-9.0,8.0,73.0,314.0,43.0,4.0,78.0,2014.0
Classic,dance pop,2012.0,102.0,79.0,72.0,-5.0,16.0,76.0,175.0,4.0,12.0,87.0,2014.0
Waves - Robin Schulz Radio Edit,dutch hip hop,2014.0,120.0,51.0,83.0,-9.0,8.0,45.0,208.0,1.0,4.0,82.0,2014.0
Somebody,chicago rap,2014.0,105.0,52.0,83.0,-9.0,7.0,74.0,190.0,0.0,4.0,71.0,2014.0
Jealous - Remix,dance pop,2015.0,93.0,71.0,68.0,-4.0,44.0,45.0,222.0,1.0,8.0,71.0,2014.0
Anaconda,dance pop,2014.0,130.0,61.0,96.0,-6.0,21.0,65.0,260.0,7.0,18.0,70.0,2014.0
Am I Wrong,pop rap,2014.0,120.0,68.0,73.0,-6.0,55.0,78.0,246.0,18.0,3.0,82.0,2014.0
CoCo,pop rap,2014.0,120.0,63.0,89.0,-6.0,31.0,18.0,240.0,0.0,13.0,66.0,2014.0
Gecko (Overdrive) - Radio Edit,dance pop,2014.0,125.0,89.0,61.0,-5.0,34.0,76.0,165.0,1.0,6.0,73.0,2014.0
Wrapped Up,dance pop,2014.0,122.0,84.0,79.0,-5.0,16.0,92.0,186.0,9.0,6.0,68.0,2014.0
Post to Be (feat. Chris Brown & Jhene Aiko),dance pop,2014.0,97.0,68.0,73.0,-6.0,21.0,70.0,227.0,7.0,4.0,60.0,2014.0
Night Changes,boy band,2014.0,120.0,52.0,67.0,-8.0,12.0,37.0,227.0,86.0,4.0,88.0,2014.0
Steal My Girl,boy band,2014.0,77.0,77.0,54.0,-6.0,11.0,55.0,228.0,0.0,3.0,84.0,2014.0
Counting Stars,dance pop,2014.0,122.0,71.0,66.0,-5.0,12.0,48.0,258.0,7.0,4.0,80.0,2014.0
Love Runs Out,dance pop,2014.0,120.0,94.0,72.0,-4.0,10.0,74.0,224.0,17.0,6.0,65.0,2014.0
Only Love Can Hurt Like This,british soul,2014.0,91.0,89.0,57.0,-5.0,33.0,30.0,233.0,10.0,8.0,85.0,2014.0
High (feat. Nicole Millar),aussietronica,2014.0,100.0,80.0,53.0,-4.0,29.0,38.0,228.0,0.0,5.0,54.0,2014.0
"Happy - From ""Despicable Me 2""",pop rap,2014.0,160.0,82.0,65.0,-5.0,9.0,96.0,233.0,22.0,18.0,85.0,2014.0
Timber (feat. Ke$ha),dance pop,2012.0,130.0,96.0,58.0,-4.0,14.0,79.0,204.0,3.0,10.0,86.0,2014.0
Me And My Broken Heart,pop,2014.0,174.0,78.0,55.0,-4.0,13.0,55.0,194.0,0.0,3.0,83.0,2014.0
My Love (feat. Jess Glynne),deep groove house,2014.0,120.0,62.0,81.0,-8.0,7.0,73.0,260.0,0.0,5.0,78.0,2014.0
Stay With Me,dance pop,2014.0,84.0,42.0,42.0,-6.0,11.0,18.0,173.0,59.0,4.0,86.0,2014.0
Money On My Mind,dance pop,2014.0,134.0,84.0,69.0,-5.0,23.0,74.0,193.0,20.0,18.0,67.0,2014.0
Collard Greens,gangster rap,2014.0,154.0,57.0,83.0,-5.0,21.0,65.0,300.0,3.0,6.0,84.0,2014.0
Man Of The Year,gangster rap,2014.0,112.0,87.0,75.0,-5.0,20.0,37.0,216.0,1.0,4.0,76.0,2014.0
Geronimo,australian indie,2015.0,142.0,78.0,71.0,-6.0,12.0,46.0,218.0,46.0,8.0,69.0,2014.0
Chandelier,australian dance,2015.0,117.0,79.0,40.0,-3.0,7.0,57.0,216.0,2.0,5.0,73.0,2014.0
Elastic Heart,australian dance,2015.0,130.0,79.0,42.0,-5.0,15.0,50.0,257.0,1.0,5.0,68.0,2014.0
Nobody To Love,dance pop,2014.0,88.0,91.0,52.0,-3.0,20.0,23.0,190.0,0.0,4.0,55.0,2014.0
Style,pop,2014.0,95.0,79.0,59.0,-6.0,12.0,49.0,231.0,0.0,4.0,66.0,2014.0
Bad Blood,pop,2014.0,170.0,79.0,65.0,-6.0,20.0,29.0,212.0,9.0,19.0,60.0,2014.0
Shake It Off,pop,2014.0,160.0,79.0,65.0,-5.0,15.0,94.0,219.0,6.0,17.0,77.0,2014.0
#SELFIE,dance pop,2014.0,128.0,92.0,79.0,-3.0,8.0,66.0,184.0,1.0,25.0,69.0,2014.0
Superheroes,celtic rock,2014.0,167.0,89.0,49.0,-4.0,7.0,64.0,245.0,0.0,4.0,79.0,2014.0
Wasted,big room,2014.0,112.0,82.0,64.0,-6.0,20.0,39.0,190.0,0.0,3.0,68.0,2014.0
Red Lights,big room,2014.0,125.0,83.0,65.0,-5.0,12.0,55.0,262.0,0.0,4.0,72.0,2014.0
2 On (feat. ScHoolboy Q),alternative r&b,2014.0,101.0,60.0,74.0,-8.0,11.0,43.0,227.0,15.0,11.0,77.0,2014.0
Habits (Stay High),art pop,2014.0,110.0,65.0,73.0,-4.0,8.0,35.0,209.0,7.0,3.0,78.0,2014.0
Talking Body,art pop,2014.0,120.0,76.0,74.0,-5.0,8.0,11.0,238.0,10.0,3.0,72.0,2014.0
Na Na,dance pop,2015.0,97.0,48.0,67.0,-6.0,10.0,24.0,232.0,33.0,4.0,68.0,2014.0
Riptide,folk-pop,2014.0,102.0,73.0,48.0,-7.0,15.0,51.0,204.0,43.0,4.0,83.0,2014.0
Stay The Night - Featuring Hayley Williams Of Paramore,complextro,2012.0,128.0,74.0,60.0,-3.0,9.0,46.0,217.0,11.0,4.0,69.0,2014.0
Ghost Town,dance pop,2015.0,120.0,74.0,70.0,-6.0,17.0,27.0,208.0,19.0,5.0,69.0,2015.0
Here,canadian contemporary r&b,2015.0,120.0,82.0,38.0,-4.0,8.0,33.0,199.0,8.0,10.0,71.0,2015.0
"Honey, I'm Good.",dance pop,2014.0,122.0,78.0,75.0,-7.0,35.0,60.0,199.0,3.0,5.0,78.0,2015.0
The Nights,dance pop,2014.0,126.0,84.0,53.0,-5.0,25.0,65.0,177.0,2.0,4.0,89.0,2015.0
Waiting For Love,dance pop,2015.0,128.0,74.0,58.0,-4.0,20.0,61.0,231.0,31.0,5.0,84.0,2015.0
  7/11,dance pop,2014.0,136.0,71.0,75.0,-5.0,13.0,56.0,214.0,1.0,13.0,74.0,2015.0
I Don't Fuck With You,detroit hip hop,2015.0,98.0,73.0,82.0,-5.0,33.0,40.0,284.0,4.0,6.0,80.0,2015.0
Electric Love,modern rock,2015.0,120.0,80.0,61.0,-8.0,26.0,52.0,218.0,1.0,5.0,86.0,2015.0
Outside (feat. Ellie Goulding),dance pop,2014.0,128.0,82.0,65.0,-4.0,32.0,42.0,227.0,21.0,4.0,82.0,2015.0
How Deep Is Your Love,dance pop,2015.0,122.0,87.0,74.0,-4.0,39.0,34.0,213.0,4.0,7.0,80.0,2015.0
Ayo,dance pop,2015.0,98.0,56.0,82.0,-5.0,9.0,68.0,225.0,4.0,4.0,76.0,2015.0
Cool for the Summer,dance pop,2015.0,114.0,61.0,58.0,-6.0,14.0,34.0,215.0,0.0,4.0,78.0,2015.0
Confident,dance pop,2015.0,130.0,75.0,59.0,-6.0,9.0,34.0,206.0,0.0,7.0,69.0,2015.0
Five More Hours,dance pop,2017.0,128.0,88.0,70.0,-3.0,82.0,50.0,212.0,3.0,22.0,74.0,2015.0
Omen - Radio Edit,edm,2015.0,106.0,79.0,67.0,-5.0,36.0,62.0,197.0,12.0,14.0,68.0,2015.0
Hotline Bling,canadian hip hop,2016.0,135.0,63.0,89.0,-8.0,5.0,55.0,267.0,0.0,6.0,82.0,2015.0
Jumpman,canadian hip hop,2015.0,142.0,55.0,85.0,-7.0,33.0,66.0,206.0,6.0,19.0,76.0,2015.0
Thinking out Loud,pop,2014.0,79.0,45.0,78.0,-6.0,18.0,59.0,282.0,47.0,3.0,86.0,2015.0
"Love Me Like You Do - From ""Fifty Shades Of Grey""",dance pop,2015.0,190.0,61.0,26.0,-7.0,13.0,28.0,253.0,25.0,5.0,83.0,2015.0
On My Mind,dance pop,2015.0,155.0,71.0,70.0,-7.0,9.0,74.0,213.0,26.0,5.0,69.0,2015.0
Centuries,emo,2015.0,176.0,86.0,39.0,-3.0,10.0,56.0,228.0,0.0,7.0,84.0,2015.0
679 (feat. Remy Boyz),new jersey rap,2015.0,190.0,72.0,62.0,-6.0,63.0,60.0,197.0,0.0,32.0,79.0,2015.0
Trap Queen,new jersey rap,2015.0,148.0,87.0,75.0,-4.0,35.0,82.0,222.0,2.0,13.0,78.0,2015.0
My Way (feat. Monty),new jersey rap,2015.0,128.0,74.0,75.0,-3.0,15.0,54.0,213.0,0.0,5.0,71.0,2015.0
My House,dance pop,2015.0,94.0,70.0,69.0,-5.0,13.0,74.0,192.0,2.0,5.0,81.0,2015.0
GDFR (feat. Sage the Gemini & Lookas),dance pop,2015.0,146.0,83.0,66.0,-4.0,7.0,69.0,190.0,0.0,7.0,75.0,2015.0
Mountain at My Gates,indie rock,2015.0,104.0,93.0,50.0,-5.0,25.0,62.0,244.0,0.0,5.0,69.0,2015.0
Runaway (U & I),dance pop,2015.0,126.0,81.0,51.0,-4.0,9.0,38.0,227.0,1.0,5.0,79.0,2015.0
Barcelona,folk-pop,2014.0,94.0,57.0,63.0,-9.0,11.0,18.0,189.0,32.0,3.0,70.0,2015.0
Love Myself,dance pop,2016.0,123.0,76.0,62.0,-7.0,42.0,32.0,219.0,0.0,7.0,75.0,2015.0
Take Me to Church,irish singer-songwriter,2014.0,129.0,66.0,57.0,-5.0,12.0,44.0,242.0,63.0,5.0,80.0,2015.0
Where Are Ü Now (with Justin Bieber),edm,2015.0,139.0,78.0,43.0,-4.0,8.0,20.0,250.0,4.0,6.0,78.0,2015.0
oui,chicago rap,2015.0,79.0,72.0,42.0,-4.0,11.0,60.0,238.0,21.0,10.0,82.0,2015.0
Classic Man (feat. Roman GianArthur),ghanaian hip hop,2015.0,94.0,59.0,79.0,-6.0,29.0,59.0,226.0,19.0,3.0,63.0,2015.0
What Do You Mean?,canadian pop,2015.0,125.0,57.0,85.0,-8.0,8.0,79.0,206.0,59.0,10.0,81.0,2015.0
Way down We Go,icelandic indie,2016.0,163.0,51.0,49.0,-8.0,10.0,34.0,214.0,58.0,12.0,81.0,2015.0
King Kunta,conscious hip hop,2015.0,107.0,66.0,88.0,-5.0,15.0,49.0,235.0,1.0,10.0,79.0,2015.0
Stole the Show,edm,2016.0,100.0,64.0,64.0,-8.0,32.0,48.0,223.0,27.0,23.0,78.0,2015.0
Nothing Left (feat. Will Heard),edm,2015.0,154.0,58.0,68.0,-7.0,37.0,35.0,237.0,26.0,4.0,59.0,2015.0
High By The Beach,art pop,2015.0,132.0,49.0,54.0,-11.0,12.0,10.0,258.0,24.0,3.0,71.0,2015.0
Hurt Me,electropop,2016.0,138.0,73.0,66.0,-5.0,16.0,59.0,231.0,69.0,13.0,55.0,2015.0
Closer,alternative dance,2017.0,92.0,79.0,58.0,-4.0,12.0,36.0,271.0,0.0,3.0,64.0,2015.0
Lot to Learn,indie pop rap,2015.0,82.0,85.0,41.0,-4.0,7.0,60.0,248.0,9.0,20.0,66.0,2015.0
Lean On,dance pop,2015.0,98.0,81.0,72.0,-3.0,56.0,27.0,177.0,0.0,6.0,76.0,2015.0
Light It Up - Remix,dance pop,2015.0,108.0,88.0,75.0,-4.0,23.0,75.0,166.0,4.0,7.0,71.0,2015.0
Uptown Funk (feat. Bruno Mars),dance pop,2015.0,115.0,61.0,86.0,-7.0,3.0,93.0,270.0,1.0,8.0,86.0,2015.0
Intoxicated - Radio Edit,dance pop,2015.0,125.0,69.0,79.0,-4.0,10.0,50.0,160.0,0.0,4.0,62.0,2015.0
All Eyes on You (feat. Chris Brown & Nicki Minaj),hip hop,2015.0,78.0,66.0,59.0,-5.0,12.0,25.0,224.0,2.0,20.0,73.0,2015.0
Believe,modern folk rock,2015.0,114.0,62.0,36.0,-7.0,22.0,42.0,221.0,3.0,4.0,61.0,2015.0
That's How You Know (feat. Kid Ink & Bebe Rexha),pop rap,2015.0,104.0,44.0,77.0,-6.0,12.0,74.0,186.0,44.0,4.0,62.0,2015.0
Drive,electropop,2015.0,142.0,46.0,66.0,-8.0,8.0,38.0,196.0,71.0,10.0,65.0,2015.0
Drag Me Down,boy band,2015.0,138.0,70.0,73.0,-6.0,7.0,60.0,192.0,11.0,4.0,84.0,2015.0
Perfect,boy band,2015.0,100.0,82.0,65.0,-5.0,12.0,40.0,230.0,6.0,8.0,81.0,2015.0
Sunset Lover,new french touch,2015.0,91.0,47.0,78.0,-9.0,11.0,24.0,238.0,73.0,5.0,75.0,2015.0
Wish You Were Mine - Radio Edit,deep groove house,2014.0,123.0,83.0,65.0,-4.0,10.0,41.0,178.0,1.0,3.0,70.0,2015.0
Time of Our Lives,dance pop,2014.0,124.0,80.0,72.0,-6.0,69.0,72.0,229.0,9.0,6.0,85.0,2015.0
No Type,hip hop,2015.0,125.0,49.0,89.0,-8.0,9.0,24.0,200.0,2.0,16.0,77.0,2015.0
"Flex (Ooh, Ooh, Ooh)",atl hip hop,2015.0,82.0,61.0,73.0,-8.0,19.0,89.0,177.0,4.0,5.0,70.0,2015.0
FourFiveSeconds,barbadian pop,2015.0,206.0,27.0,58.0,-6.0,13.0,35.0,188.0,88.0,5.0,82.0,2015.0
Bitch Better Have My Money,barbadian pop,2015.0,103.0,73.0,78.0,-5.0,26.0,40.0,219.0,5.0,6.0,78.0,2015.0
Chill Bill (feat. J. Davi$ & Spooks),san diego rap,2016.0,108.0,43.0,89.0,-10.0,9.0,23.0,177.0,3.0,14.0,81.0,2015.0
Sugar (feat. Francesco Yates),dance pop,2015.0,123.0,82.0,64.0,-5.0,16.0,64.0,219.0,2.0,6.0,81.0,2015.0
Lay It All on Me (feat. Ed Sheeran),dance pop,2015.0,123.0,75.0,67.0,-7.0,19.0,48.0,242.0,14.0,4.0,55.0,2015.0
Like I Can,dance pop,2014.0,100.0,63.0,66.0,-7.0,12.0,48.0,167.0,34.0,4.0,85.0,2015.0
You Don't Own Me (feat. G-Eazy),dance pop,2015.0,186.0,66.0,34.0,-6.0,6.0,29.0,199.0,17.0,10.0,60.0,2015.0
Same Old Love,dance pop,2015.0,98.0,59.0,67.0,-4.0,21.0,44.0,229.0,2.0,3.0,70.0,2015.0
Hands To Myself,dance pop,2015.0,111.0,50.0,81.0,-7.0,34.0,47.0,201.0,1.0,12.0,68.0,2015.0
Good For You,dance pop,2015.0,89.0,68.0,61.0,-6.0,9.0,21.0,222.0,18.0,5.0,62.0,2015.0
Easy Love,dance pop,2018.0,124.0,94.0,68.0,-4.0,12.0,65.0,230.0,18.0,6.0,70.0,2015.0
All My Friends (feat. Tinashe & Chance the Rapper),edm,2015.0,95.0,52.0,68.0,-6.0,11.0,18.0,230.0,12.0,14.0,77.0,2015.0
The Less I Know The Better,australian psych,2015.0,117.0,74.0,64.0,-4.0,17.0,79.0,216.0,1.0,3.0,88.0,2015.0
Blank Space,pop,2014.0,96.0,68.0,75.0,-5.0,13.0,58.0,232.0,9.0,6.0,79.0,2015.0
Wildest Dreams,pop,2014.0,140.0,67.0,55.0,-7.0,11.0,47.0,220.0,7.0,7.0,76.0,2015.0
Spirits,canadian indie,2016.0,81.0,66.0,56.0,-6.0,11.0,79.0,204.0,16.0,3.0,75.0,2015.0
The Hills,canadian contemporary r&b,2015.0,113.0,56.0,59.0,-7.0,14.0,14.0,242.0,7.0,5.0,88.0,2015.0
Can't Feel My Face,canadian contemporary r&b,2015.0,108.0,77.0,71.0,-6.0,11.0,58.0,214.0,11.0,4.0,83.0,2015.0
"Earned It (Fifty Shades Of Grey) - From The ""Fifty Shades Of Grey"" Soundtrack",canadian contemporary r&b,2014.0,120.0,38.0,66.0,-6.0,10.0,43.0,252.0,39.0,3.0,81.0,2015.0
In The Night,canadian contemporary r&b,2015.0,168.0,68.0,51.0,-5.0,5.0,54.0,236.0,8.0,7.0,76.0,2015.0
Die A Happy Man,contemporary country,2015.0,166.0,39.0,60.0,-9.0,12.0,40.0,227.0,42.0,3.0,77.0,2015.0
Antidote,hip hop,2015.0,131.0,53.0,71.0,-5.0,12.0,13.0,263.0,1.0,3.0,78.0,2015.0
Slow Motion,dance pop,2015.0,95.0,41.0,73.0,-8.0,11.0,29.0,198.0,68.0,4.0,75.0,2015.0
YOUTH,australian pop,2015.0,92.0,74.0,63.0,-4.0,8.0,59.0,185.0,6.0,4.0,70.0,2015.0
Stressed Out,modern rock,2015.0,170.0,64.0,73.0,-6.0,6.0,65.0,202.0,5.0,14.0,88.0,2015.0
I Don't Mind (feat. Juicy J),atl hip hop,2014.0,113.0,46.0,87.0,-8.0,9.0,46.0,252.0,21.0,18.0,73.0,2015.0
Shut Up and Dance,dance pop,2014.0,128.0,87.0,58.0,-4.0,26.0,62.0,199.0,1.0,6.0,86.0,2015.0
See You Again (feat. Charlie Puth),dance pop,2015.0,80.0,48.0,69.0,-8.0,6.0,28.0,230.0,37.0,8.0,85.0,2015.0
Renegades,modern alternative rock,2015.0,90.0,86.0,53.0,-6.0,23.0,53.0,195.0,1.0,9.0,80.0,2015.0
Unsteady,modern alternative rock,2015.0,117.0,67.0,39.0,-6.0,12.0,20.0,194.0,18.0,6.0,78.0,2015.0
King,dance pop,2015.0,120.0,86.0,56.0,-4.0,38.0,43.0,215.0,6.0,4.0,66.0,2015.0
I Want You To Know,complextro,2015.0,130.0,85.0,58.0,-3.0,14.0,37.0,240.0,1.0,6.0,70.0,2015.0
When We Were Young,british soul,2015.0,144.0,60.0,38.0,-6.0,10.0,27.0,291.0,30.0,5.0,79.0,2016.0
Send My Love (To Your New Lover),british soul,2015.0,164.0,53.0,69.0,-8.0,17.0,57.0,223.0,4.0,9.0,77.0,2016.0
Hello,british soul,2015.0,79.0,43.0,58.0,-6.0,9.0,29.0,296.0,33.0,3.0,77.0,2016.0
Alarm,dance pop,2016.0,147.0,59.0,76.0,-5.0,18.0,81.0,206.0,8.0,23.0,62.0,2016.0
Into You,dance pop,2016.0,108.0,73.0,62.0,-6.0,14.0,37.0,244.0,2.0,11.0,73.0,2016.0
Side To Side,dance pop,2016.0,159.0,74.0,65.0,-6.0,24.0,61.0,226.0,5.0,23.0,72.0,2016.0
Dangerous Woman,dance pop,2016.0,134.0,60.0,66.0,-5.0,36.0,29.0,236.0,5.0,4.0,72.0,2016.0
Hurts So Good,alt z,2021.0,120.0,63.0,67.0,-5.0,9.0,42.0,209.0,8.0,5.0,77.0,2016.0
Good Grief,metropopolis,2016.0,120.0,76.0,73.0,-5.0,31.0,88.0,206.0,15.0,7.0,70.0,2016.0
Sorry,dance pop,2016.0,130.0,60.0,78.0,-7.0,25.0,36.0,233.0,0.0,5.0,72.0,2016.0
Exchange,kentucky hip hop,2015.0,160.0,43.0,53.0,-11.0,14.0,28.0,195.0,11.0,19.0,81.0,2016.0
Dancing On My Own,neo mellow,2018.0,113.0,17.0,68.0,-9.0,10.0,23.0,260.0,84.0,3.0,84.0,2016.0
This Is What You Came For (feat. Rihanna),dance pop,2016.0,124.0,93.0,63.0,-3.0,15.0,47.0,222.0,20.0,3.0,84.0,2016.0
My Way,dance pop,2016.0,120.0,91.0,82.0,-3.0,16.0,54.0,219.0,9.0,4.0,78.0,2016.0
We Don't Talk Anymore (feat. Selena Gomez),dance pop,2016.0,100.0,56.0,73.0,-8.0,18.0,35.0,218.0,62.0,13.0,73.0,2016.0
One Call Away,dance pop,2016.0,91.0,61.0,67.0,-5.0,12.0,47.0,194.0,40.0,3.0,70.0,2016.0
Dangerously,dance pop,2016.0,112.0,52.0,70.0,-8.0,20.0,23.0,199.0,36.0,4.0,58.0,2016.0
Sex,dance pop,2016.0,102.0,69.0,51.0,-6.0,14.0,21.0,228.0,0.0,17.0,66.0,2016.0
Back To Sleep,dance pop,2015.0,93.0,65.0,65.0,-5.0,9.0,72.0,201.0,4.0,24.0,65.0,2016.0
Tears (feat. Louisa Johnson),dance pop,2016.0,130.0,77.0,61.0,-4.0,16.0,30.0,226.0,4.0,4.0,65.0,2016.0
Hymn for the Weekend,permanent wave,2015.0,90.0,69.0,49.0,-6.0,33.0,41.0,258.0,21.0,4.0,86.0,2016.0
Adventure of a Lifetime,permanent wave,2015.0,112.0,92.0,64.0,-4.0,15.0,53.0,264.0,0.0,4.0,79.0,2016.0
This One's for You (feat. Zara Larsson) (Official Song UEFA EURO 2016),big room,2016.0,110.0,92.0,37.0,-3.0,9.0,37.0,207.0,0.0,5.0,72.0,2016.0
"Sit Still, Look Pretty",alt z,2016.0,182.0,74.0,66.0,-4.0,11.0,54.0,202.0,14.0,27.0,76.0,2016.0
Hide Away,alt z,2016.0,95.0,80.0,89.0,-5.0,7.0,46.0,192.0,23.0,8.0,72.0,2016.0
Let Me Love You,dance pop,2016.0,100.0,72.0,65.0,-5.0,14.0,16.0,206.0,9.0,3.0,86.0,2016.0
Middle,dance pop,2016.0,105.0,70.0,58.0,-5.0,5.0,22.0,221.0,1.0,4.0,79.0,2016.0
Cake By The Ocean,dance pop,2016.0,119.0,75.0,77.0,-5.0,4.0,90.0,219.0,15.0,5.0,84.0,2016.0
Too Good,canadian hip hop,2016.0,118.0,65.0,79.0,-8.0,10.0,40.0,263.0,5.0,10.0,78.0,2016.0
Hotter Than Hell,dance pop,2017.0,110.0,87.0,53.0,-4.0,6.0,53.0,188.0,1.0,9.0,70.0,2016.0
DUELE EL CORAZON (feat. Wisin),dance pop,2016.0,91.0,91.0,72.0,-3.0,14.0,87.0,200.0,9.0,10.0,72.0,2016.0
Work from Home (feat. Ty Dolla $ign),dance pop,2016.0,105.0,59.0,80.0,-6.0,6.0,59.0,214.0,10.0,4.0,81.0,2016.0
All In My Head (Flex) (feat. Fetty Wap),dance pop,2016.0,95.0,79.0,69.0,-5.0,5.0,76.0,211.0,2.0,5.0,67.0,2016.0
Say It (feat. Tove Lo),australian dance,2016.0,75.0,53.0,60.0,-7.0,6.0,26.0,263.0,7.0,3.0,64.0,2016.0
Pink + White,alternative r&b,2016.0,160.0,55.0,54.0,-7.0,42.0,55.0,185.0,67.0,10.0,84.0,2016.0
Low Life (feat. The Weeknd),atl hip hop,2016.0,144.0,33.0,72.0,-8.0,15.0,10.0,314.0,34.0,7.0,78.0,2016.0
No Money,dance pop,2016.0,126.0,92.0,67.0,-4.0,24.0,80.0,189.0,3.0,4.0,72.0,2016.0
"i hate u, i love u (feat. olivia o'brien)",electropop,2016.0,93.0,28.0,49.0,-13.0,10.0,18.0,251.0,69.0,30.0,82.0,2016.0
"Me, Myself & I",indie pop rap,2015.0,112.0,67.0,76.0,-7.0,16.0,39.0,251.0,2.0,10.0,82.0,2016.0
Starving,dance pop,2016.0,100.0,62.0,73.0,-4.0,11.0,51.0,182.0,38.0,6.0,81.0,2016.0
Can I Be Him,pop,2016.0,108.0,54.0,70.0,-6.0,9.0,48.0,247.0,31.0,5.0,80.0,2016.0
When You Love Someone,neo mellow,2019.0,126.0,45.0,68.0,-6.0,5.0,35.0,217.0,26.0,3.0,79.0,2016.0
Love Me Now,neo soul,2016.0,123.0,77.0,42.0,-4.0,11.0,72.0,210.0,57.0,9.0,59.0,2016.0
Perfect Strangers,dance pop,2018.0,118.0,86.0,73.0,-4.0,21.0,70.0,197.0,39.0,5.0,80.0,2016.0
Fast Car,dance pop,2018.0,114.0,58.0,67.0,-7.0,31.0,55.0,212.0,47.0,6.0,77.0,2016.0
Love Yourself,canadian pop,2015.0,100.0,38.0,61.0,-10.0,28.0,52.0,234.0,84.0,44.0,87.0,2016.0
"CAN'T STOP THE FEELING! (from DreamWorks Animation's ""TROLLS"")",dance pop,2016.0,113.0,83.0,67.0,-6.0,10.0,70.0,238.0,1.0,7.0,77.0,2016.0
Gold,alt z,2020.0,113.0,41.0,60.0,-9.0,13.0,41.0,226.0,62.0,34.0,64.0,2016.0
Stay (feat. Maty Noyes),edm,2015.0,103.0,74.0,65.0,-8.0,17.0,38.0,239.0,4.0,4.0,65.0,2016.0
"Sucker for Pain (with Wiz Khalifa, Imagine Dragons, Logic & Ty Dolla $ign feat. X Ambassadors)",hip hop,2016.0,169.0,79.0,50.0,-4.0,65.0,74.0,243.0,26.0,32.0,80.0,2016.0
Shout Out to My Ex,dance pop,2016.0,126.0,75.0,77.0,-4.0,11.0,80.0,246.0,2.0,9.0,81.0,2016.0
7 Years,danish pop,2016.0,120.0,47.0,77.0,-6.0,39.0,34.0,237.0,29.0,5.0,83.0,2016.0
Alaska,indie pop,2019.0,104.0,39.0,85.0,-11.0,11.0,18.0,188.0,41.0,5.0,70.0,2016.0
Cold Water,dance pop,2016.0,93.0,80.0,61.0,-5.0,16.0,50.0,185.0,7.0,4.0,72.0,2016.0
You & Me,pop,2017.0,84.0,64.0,45.0,-8.0,19.0,61.0,218.0,4.0,28.0,69.0,2016.0
Alone,brostep,2016.0,142.0,95.0,63.0,-4.0,11.0,42.0,274.0,2.0,3.0,76.0,2016.0
In the Name of Love,dance pop,2016.0,134.0,52.0,50.0,-6.0,45.0,17.0,196.0,11.0,4.0,81.0,2016.0
NO,dance pop,2017.0,92.0,80.0,56.0,-4.0,74.0,66.0,214.0,1.0,21.0,75.0,2016.0
The Ocean (feat. Shy Martin),dance pop,2016.0,90.0,57.0,63.0,-6.0,10.0,19.0,183.0,2.0,3.0,75.0,2016.0
I Took A Pill In Ibiza - Seeb Remix,dance pop,2016.0,102.0,71.0,66.0,-7.0,8.0,71.0,198.0,4.0,11.0,81.0,2016.0
Final Song,art pop,2016.0,105.0,67.0,70.0,-6.0,8.0,25.0,236.0,1.0,3.0,70.0,2016.0
This Town,dance pop,2016.0,112.0,41.0,68.0,-8.0,12.0,20.0,233.0,70.0,3.0,64.0,2016.0
Close,dance pop,2016.0,124.0,62.0,65.0,-5.0,14.0,40.0,234.0,25.0,8.0,74.0,2016.0
History,alt z,2016.0,101.0,63.0,77.0,-7.0,12.0,54.0,204.0,10.0,5.0,64.0,2016.0
Wherever I Go,dance pop,2016.0,100.0,68.0,54.0,-6.0,24.0,35.0,170.0,10.0,4.0,68.0,2016.0
"Just Like Fire (From the Original Motion Picture ""Alice Through The Looking Glass"")",dance pop,2016.0,163.0,70.0,63.0,-6.0,11.0,52.0,215.0,1.0,15.0,73.0,2016.0
Not Nice,pop,2016.0,128.0,50.0,60.0,-9.0,12.0,73.0,203.0,3.0,8.0,67.0,2016.0
Needed Me,barbadian pop,2016.0,111.0,31.0,67.0,-8.0,8.0,30.0,192.0,11.0,24.0,84.0,2016.0
Work,barbadian pop,2016.0,92.0,53.0,73.0,-6.0,9.0,56.0,219.0,8.0,9.0,80.0,2016.0
Lost Boy,alt z,2015.0,124.0,6.0,71.0,-15.0,9.0,35.0,275.0,97.0,5.0,77.0,2016.0
Treat You Better,canadian pop,2017.0,83.0,82.0,44.0,-4.0,11.0,75.0,188.0,11.0,34.0,86.0,2016.0
I Know What You Did Last Summer,canadian pop,2015.0,114.0,76.0,69.0,-5.0,15.0,74.0,224.0,10.0,9.0,77.0,2016.0
The Greatest (feat. Kendrick Lamar),australian dance,2016.0,192.0,73.0,67.0,-6.0,6.0,73.0,210.0,1.0,27.0,73.0,2016.0
Cheap Thrills (feat. Sean Paul),australian dance,2016.0,90.0,80.0,59.0,-5.0,8.0,73.0,225.0,6.0,22.0,73.0,2016.0
Sweet Lovin' - Radio Edit,dance pop,2018.0,125.0,85.0,68.0,-3.0,34.0,71.0,202.0,21.0,7.0,69.0,2016.0
Just Hold On,dance pop,2018.0,115.0,93.0,65.0,-4.0,6.0,39.0,199.0,0.0,8.0,61.0,2016.0
Somebody Else,modern alternative rock,2016.0,101.0,79.0,61.0,-6.0,15.0,47.0,348.0,20.0,6.0,76.0,2016.0
The Sound,modern alternative rock,2016.0,121.0,94.0,65.0,-5.0,45.0,55.0,249.0,9.0,8.0,63.0,2016.0
Don't Let Me Down,dance pop,2016.0,160.0,87.0,53.0,-5.0,14.0,42.0,208.0,16.0,17.0,83.0,2016.0
Roses,dance pop,2015.0,100.0,80.0,71.0,-7.0,31.0,34.0,227.0,4.0,6.0,78.0,2016.0
Ophelia,folk-pop,2016.0,76.0,57.0,66.0,-7.0,9.0,57.0,160.0,61.0,3.0,79.0,2016.0
Starboy,canadian contemporary r&b,2016.0,186.0,59.0,68.0,-7.0,14.0,49.0,230.0,14.0,28.0,88.0,2016.0
Once In a While,dance pop,2016.0,105.0,69.0,79.0,-6.0,62.0,35.0,215.0,1.0,14.0,65.0,2016.0
Girls Like (feat. Zara Larsson),dance pop,2016.0,120.0,80.0,92.0,-3.0,8.0,54.0,196.0,37.0,5.0,67.0,2016.0
Cool Girl,art pop,2016.0,102.0,69.0,67.0,-7.0,8.0,20.0,199.0,31.0,11.0,69.0,2016.0
Never Forget You,dance pop,2017.0,146.0,73.0,58.0,-6.0,27.0,28.0,213.0,0.0,5.0,78.0,2016.0
PILLOWTALK,dance pop,2016.0,125.0,70.0,58.0,-4.0,9.0,44.0,203.0,12.0,5.0,82.0,2016.0
It's A Vibe,atl hip hop,2017.0,73.0,50.0,82.0,-7.0,11.0,53.0,210.0,3.0,15.0,77.0,2017.0
Bank Account,atl hip hop,2017.0,75.0,35.0,88.0,-8.0,9.0,38.0,220.0,2.0,35.0,82.0,2017.0
Drowning (feat. Kodak Black),melodic rap,2017.0,129.0,81.0,84.0,-5.0,12.0,81.0,209.0,50.0,6.0,79.0,2017.0
Plain Jane,gangster rap,2017.0,170.0,84.0,80.0,-5.0,9.0,52.0,174.0,7.0,28.0,79.0,2017.0
Weak,modern rock,2017.0,124.0,64.0,67.0,-5.0,19.0,70.0,201.0,12.0,5.0,71.0,2017.0
Caroline,hip hop,2017.0,120.0,34.0,94.0,-10.0,26.0,71.0,210.0,17.0,51.0,80.0,2017.0
More Than You Know,dance pop,2017.0,123.0,74.0,65.0,-5.0,31.0,57.0,203.0,3.0,3.0,83.0,2017.0
Rolex,social media pop,2017.0,145.0,89.0,80.0,-3.0,27.0,79.0,239.0,8.0,4.0,73.0,2017.0
Bounce Back,detroit hip hop,2017.0,82.0,57.0,78.0,-6.0,13.0,27.0,222.0,11.0,14.0,76.0,2017.0
Man's Not Hot,london rap,2017.0,135.0,88.0,91.0,-4.0,11.0,59.0,186.0,11.0,24.0,67.0,2017.0
Bored,art pop,2017.0,120.0,32.0,61.0,-13.0,8.0,11.0,181.0,90.0,5.0,88.0,2017.0
do re mi,electropop,2017.0,111.0,59.0,75.0,-6.0,12.0,17.0,212.0,1.0,5.0,77.0,2017.0
That's What I Like,dance pop,2016.0,134.0,56.0,85.0,-5.0,9.0,86.0,207.0,1.0,4.0,86.0,2017.0
24K Magic,dance pop,2016.0,107.0,80.0,82.0,-4.0,15.0,63.0,226.0,3.0,8.0,82.0,2017.0
"Feels (feat. Pharrell Williams, Katy Perry & Big Sean)",dance pop,2017.0,101.0,75.0,89.0,-3.0,9.0,87.0,223.0,6.0,6.0,81.0,2017.0
Slide (feat. Frank Ocean & Migos),dance pop,2017.0,104.0,80.0,74.0,-3.0,25.0,51.0,231.0,50.0,5.0,77.0,2017.0
Havana (feat. Young Thug),dance pop,2018.0,105.0,52.0,77.0,-4.0,13.0,39.0,217.0,18.0,3.0,84.0,2017.0
Bodak Yellow,dance pop,2018.0,125.0,70.0,93.0,-6.0,23.0,49.0,224.0,7.0,10.0,77.0,2017.0
No Promises (feat. Demi Lovato),dance pop,2017.0,113.0,62.0,74.0,-7.0,11.0,58.0,223.0,6.0,16.0,66.0,2017.0
Redbone,atl hip hop,2016.0,160.0,34.0,74.0,-11.0,10.0,58.0,327.0,17.0,12.0,87.0,2017.0
Rockabye (feat. Sean Paul & Anne-Marie),dance pop,2016.0,102.0,76.0,72.0,-4.0,18.0,74.0,251.0,41.0,5.0,80.0,2017.0
Sorry Not Sorry,dance pop,2017.0,144.0,64.0,71.0,-7.0,26.0,89.0,204.0,2.0,23.0,81.0,2017.0
"I'm the One (feat. Justin Bieber, Quavo, Chance the Rapper & Lil Wayne)",dance pop,2017.0,81.0,67.0,60.0,-4.0,13.0,82.0,289.0,5.0,4.0,70.0,2017.0
Wild Thoughts (feat. Rihanna & Bryson Tiller),dance pop,2017.0,98.0,68.0,61.0,-3.0,13.0,62.0,205.0,3.0,8.0,70.0,2017.0
Passionfruit,canadian hip hop,2017.0,112.0,46.0,81.0,-11.0,11.0,36.0,299.0,26.0,4.0,86.0,2017.0
Fake Love,canadian hip hop,2017.0,134.0,48.0,93.0,-9.0,18.0,61.0,211.0,11.0,29.0,78.0,2017.0
Shape of You,pop,2017.0,96.0,65.0,83.0,-3.0,9.0,93.0,234.0,58.0,8.0,89.0,2017.0
Sit Next to Me,indietronica,2017.0,97.0,74.0,64.0,-5.0,69.0,66.0,243.0,12.0,3.0,75.0,2017.0
Unforgettable,gangster rap,2017.0,98.0,77.0,73.0,-5.0,10.0,73.0,234.0,3.0,12.0,86.0,2017.0
Mask Off,atl hip hop,2017.0,150.0,43.0,83.0,-9.0,17.0,28.0,205.0,1.0,43.0,84.0,2017.0
Him & I (with Halsey),indie pop rap,2017.0,88.0,73.0,59.0,-6.0,31.0,19.0,269.0,5.0,9.0,80.0,2017.0
No Limit,indie pop rap,2017.0,176.0,77.0,84.0,-4.0,9.0,41.0,245.0,1.0,24.0,76.0,2017.0
Most Girls,dance pop,2017.0,103.0,57.0,76.0,-7.0,9.0,42.0,204.0,5.0,8.0,77.0,2017.0
Now Or Never,dance pop,2017.0,110.0,59.0,67.0,-5.0,13.0,45.0,215.0,11.0,4.0,71.0,2017.0
NUMB,aussietronica,2019.0,148.0,56.0,62.0,-7.0,9.0,40.0,217.0,18.0,4.0,64.0,2017.0
Believer,modern rock,2017.0,125.0,78.0,78.0,-4.0,8.0,67.0,204.0,6.0,13.0,91.0,2017.0
Thunder,modern rock,2017.0,168.0,82.0,61.0,-5.0,15.0,29.0,187.0,1.0,4.0,87.0,2017.0
Whatever It Takes,modern rock,2017.0,135.0,66.0,67.0,-5.0,12.0,56.0,201.0,4.0,3.0,84.0,2017.0
HUMBLE.,conscious hip hop,2017.0,150.0,62.0,91.0,-7.0,10.0,42.0,177.0,0.0,10.0,87.0,2017.0
LOVE. FEAT. ZACARI.,conscious hip hop,2017.0,126.0,59.0,80.0,-7.0,15.0,78.0,213.0,26.0,9.0,85.0,2017.0
DNA.,conscious hip hop,2017.0,140.0,52.0,64.0,-7.0,8.0,42.0,186.0,0.0,36.0,83.0,2017.0
ELEMENT.,conscious hip hop,2017.0,190.0,71.0,75.0,-5.0,25.0,48.0,209.0,20.0,49.0,76.0,2017.0
Young Dumb & Broke,pop,2017.0,137.0,54.0,80.0,-6.0,17.0,39.0,203.0,20.0,4.0,84.0,2017.0
Location,pop,2017.0,80.0,45.0,74.0,-11.0,9.0,33.0,219.0,33.0,43.0,83.0,2017.0
Tunnel Vision,florida rap,2017.0,172.0,49.0,50.0,-8.0,12.0,23.0,268.0,6.0,29.0,78.0,2017.0
iSpy (feat. Lil Yachty),pop,2016.0,75.0,65.0,75.0,-7.0,23.0,67.0,253.0,38.0,29.0,76.0,2017.0
Lust For Life (with The Weeknd),art pop,2017.0,100.0,66.0,50.0,-9.0,36.0,26.0,264.0,60.0,5.0,73.0,2017.0
Strip That Down (feat. Quavo),dance pop,2019.0,106.0,50.0,87.0,-5.0,8.0,55.0,202.0,20.0,5.0,75.0,2017.0
Save That Shit,emo rap,2017.0,106.0,58.0,53.0,-9.0,42.0,14.0,232.0,3.0,3.0,82.0,2017.0
Gucci Gang,emo rap,2017.0,120.0,52.0,94.0,-7.0,12.0,70.0,124.0,24.0,6.0,69.0,2017.0
XO Tour Llif3,melodic rap,2017.0,155.0,75.0,73.0,-6.0,11.0,40.0,183.0,0.0,23.0,86.0,2017.0
Touch (feat. Kid Ink),dance pop,2016.0,102.0,75.0,64.0,-4.0,49.0,55.0,203.0,4.0,11.0,59.0,2017.0
1-800-273-8255,conscious hip hop,2017.0,100.0,57.0,62.0,-8.0,19.0,36.0,250.0,57.0,5.0,82.0,2017.0
Liability,art pop,2017.0,76.0,23.0,59.0,-11.0,10.0,38.0,172.0,92.0,13.0,79.0,2017.0
Green Light,art pop,2017.0,129.0,72.0,59.0,-8.0,9.0,25.0,235.0,2.0,10.0,78.0,2017.0
"Homemade Dynamite (Feat. Khalid, Post Malone & SZA) - REMIX",art pop,2017.0,107.0,55.0,78.0,-5.0,13.0,18.0,214.0,23.0,8.0,71.0,2017.0
broken,indie poptimism,2018.0,123.0,73.0,67.0,-6.0,4.0,51.0,205.0,0.0,4.0,76.0,2017.0
Despacito,latin,2019.0,178.0,80.0,66.0,-5.0,7.0,84.0,229.0,20.0,15.0,83.0,2017.0
Bad Things (with Camila Cabello),ohio hip hop,2017.0,138.0,69.0,70.0,-5.0,19.0,31.0,239.0,21.0,15.0,76.0,2017.0
Glorious (feat. Skylar Grey),pop rap,2017.0,140.0,79.0,73.0,-5.0,11.0,36.0,220.0,3.0,5.0,78.0,2017.0
Cold (feat. Future),pop,2018.0,100.0,72.0,69.0,-6.0,5.0,41.0,234.0,14.0,11.0,68.0,2017.0
Don't Wanna Know (feat. Kendrick Lamar),pop,2018.0,100.0,61.0,78.0,-6.0,10.0,42.0,214.0,34.0,7.0,66.0,2017.0
Little Dark Age,alternative dance,2018.0,98.0,71.0,71.0,-6.0,10.0,62.0,300.0,1.0,4.0,85.0,2017.0
Bad and Boujee (feat. Lil Uzi Vert),atl hip hop,2017.0,127.0,67.0,93.0,-5.0,12.0,17.0,343.0,6.0,24.0,78.0,2017.0
Slippery (feat. Gucci Mane),atl hip hop,2017.0,142.0,68.0,92.0,-6.0,10.0,75.0,304.0,31.0,26.0,74.0,2017.0
T-Shirt,atl hip hop,2017.0,139.0,69.0,87.0,-4.0,16.0,49.0,242.0,24.0,22.0,71.0,2017.0
Sky Walker (feat. Travis Scott),dance pop,2017.0,146.0,51.0,67.0,-11.0,9.0,18.0,259.0,17.0,4.0,78.0,2017.0
Malibu,dance pop,2017.0,140.0,78.0,57.0,-6.0,8.0,34.0,232.0,8.0,6.0,77.0,2017.0
Nights With You,art pop,2017.0,120.0,67.0,76.0,-4.0,38.0,60.0,197.0,40.0,10.0,61.0,2017.0
Slow Hands,dance pop,2017.0,86.0,43.0,74.0,-7.0,6.0,85.0,188.0,1.0,5.0,79.0,2017.0
Magnolia,atl hip hop,2017.0,163.0,58.0,79.0,-7.0,35.0,44.0,182.0,1.0,29.0,82.0,2017.0
Chameleon,alternative dance,2017.0,120.0,93.0,72.0,-3.0,30.0,20.0,198.0,0.0,4.0,48.0,2017.0
Feel It Still,indie rock,2017.0,79.0,80.0,80.0,-5.0,7.0,75.0,163.0,4.0,5.0,81.0,2017.0
Congratulations,dfw rap,2016.0,123.0,80.0,63.0,-4.0,25.0,49.0,220.0,22.0,4.0,85.0,2017.0
I Fall Apart,dfw rap,2016.0,144.0,54.0,56.0,-5.0,20.0,29.0,223.0,7.0,4.0,83.0,2017.0
Swang,hip hop,2016.0,140.0,31.0,68.0,-9.0,10.0,17.0,208.0,20.0,6.0,80.0,2017.0
Black Beatles,hip hop,2016.0,146.0,63.0,79.0,-6.0,13.0,36.0,292.0,14.0,6.0,80.0,2017.0
Losin Control,hawaiian hip hop,2017.0,97.0,25.0,76.0,-7.0,10.0,21.0,238.0,52.0,14.0,79.0,2017.0
Too Good At Goodbyes,dance pop,2017.0,92.0,37.0,68.0,-8.0,17.0,48.0,201.0,64.0,4.0,77.0,2017.0
No Lie,dance pop,2018.0,102.0,88.0,74.0,-3.0,21.0,46.0,221.0,5.0,12.0,89.0,2017.0
Fetish (feat. Gucci Mane),dance pop,2017.0,123.0,62.0,71.0,-4.0,6.0,27.0,186.0,2.0,6.0,74.0,2017.0
Broccoli,alternative r&b,2016.0,146.0,53.0,89.0,-7.0,6.0,71.0,225.0,24.0,13.0,64.0,2017.0
Don't Leave,edm,2017.0,122.0,70.0,66.0,-3.0,26.0,34.0,215.0,22.0,8.0,68.0,2017.0
Love Galore (feat. Travis Scott),pop,2017.0,135.0,59.0,80.0,-6.0,16.0,41.0,275.0,11.0,7.0,81.0,2017.0
Look What You Made Me Do,pop,2017.0,128.0,71.0,77.0,-6.0,13.0,51.0,212.0,20.0,12.0,81.0,2017.0
...Ready For It?,pop,2017.0,160.0,76.0,61.0,-7.0,20.0,42.0,208.0,5.0,14.0,78.0,2017.0
Something Just Like This,dance pop,2017.0,103.0,64.0,62.0,-7.0,16.0,45.0,247.0,5.0,3.0,87.0,2017.0
Paris,dance pop,2017.0,100.0,66.0,65.0,-6.0,9.0,22.0,222.0,2.0,3.0,77.0,2017.0
All Night,boy band,2017.0,145.0,80.0,54.0,-5.0,33.0,51.0,198.0,0.0,4.0,78.0,2017.0
Middle Of The Night,boy band,2017.0,130.0,75.0,59.0,-4.0,8.0,40.0,175.0,0.0,6.0,65.0,2017.0
I Feel It Coming,canadian contemporary r&b,2016.0,93.0,82.0,77.0,-6.0,7.0,59.0,269.0,43.0,12.0,82.0,2017.0
goosebumps,hip hop,2016.0,130.0,73.0,84.0,-3.0,15.0,43.0,244.0,8.0,5.0,88.0,2017.0
BUTTERFLY EFFECT,hip hop,2018.0,141.0,63.0,76.0,-6.0,11.0,19.0,191.0,5.0,5.0,81.0,2017.0
Jocelyn Flores,emo rap,2017.0,134.0,39.0,87.0,-9.0,30.0,44.0,119.0,47.0,24.0,89.0,2017.0
Rake It Up (feat. Nicki Minaj),dirty south rap,2017.0,150.0,44.0,91.0,-8.0,14.0,53.0,276.0,2.0,34.0,73.0,2017.0
I Would Like,dance pop,2017.0,121.0,71.0,49.0,-4.0,8.0,30.0,227.0,9.0,5.0,62.0,2017.0
Juju on That Beat (TZ Anthem),hip hop,2016.0,161.0,89.0,81.0,-4.0,39.0,78.0,144.0,0.0,28.0,62.0,2017.0
Stay,complextro,2017.0,102.0,62.0,69.0,-5.0,12.0,54.0,210.0,25.0,6.0,80.0,2017.0
Youngblood,boy band,2018.0,120.0,85.0,60.0,-5.0,12.0,15.0,203.0,2.0,46.0,74.0,2018.0
FEFE,emo rap,2018.0,126.0,39.0,93.0,-9.0,14.0,38.0,179.0,9.0,41.0,75.0,2018.0
GUMMO,emo rap,2018.0,157.0,78.0,66.0,-5.0,13.0,64.0,158.0,6.0,17.0,67.0,2018.0
God is a woman,dance pop,2018.0,145.0,66.0,60.0,-6.0,24.0,27.0,198.0,2.0,6.0,83.0,2018.0
no tears left to cry,dance pop,2018.0,122.0,71.0,70.0,-6.0,29.0,35.0,206.0,4.0,6.0,82.0,2018.0
Jumanji,afroswing,2018.0,96.0,47.0,79.0,-10.0,10.0,60.0,173.0,28.0,25.0,65.0,2018.0
Answerphone (feat. Yxng Bane),basshall,2018.0,113.0,83.0,67.0,-4.0,45.0,45.0,191.0,4.0,9.0,60.0,2018.0
Eastside (with Halsey & Khalid),electropop,2018.0,89.0,68.0,56.0,-8.0,12.0,32.0,174.0,56.0,32.0,80.0,2018.0
lovely (with Khalid),art pop,2018.0,115.0,30.0,35.0,-10.0,10.0,12.0,200.0,93.0,3.0,91.0,2018.0
Look Alive (feat. Drake),memphis hip hop,2018.0,140.0,58.0,92.0,-7.0,11.0,60.0,181.0,0.0,27.0,78.0,2018.0
Finesse - Remix; feat. Cardi B,dance pop,2017.0,105.0,86.0,70.0,-5.0,2.0,93.0,217.0,2.0,10.0,78.0,2018.0
One Kiss (with Dua Lipa),dance pop,2018.0,124.0,86.0,79.0,-3.0,8.0,59.0,215.0,4.0,11.0,86.0,2018.0
Never Be the Same,dance pop,2018.0,130.0,71.0,64.0,-4.0,14.0,24.0,227.0,18.0,7.0,79.0,2018.0
Be Careful,dance pop,2018.0,152.0,57.0,82.0,-8.0,10.0,54.0,211.0,3.0,41.0,72.0,2018.0
Miss You (with Major Lazer & Tory Lanez),dance pop,2018.0,100.0,64.0,75.0,-5.0,11.0,45.0,186.0,25.0,9.0,61.0,2018.0
How Long,dance pop,2018.0,110.0,56.0,85.0,-5.0,4.0,81.0,201.0,21.0,8.0,77.0,2018.0
Done for Me (feat. Kehlani),dance pop,2018.0,112.0,63.0,86.0,-4.0,7.0,70.0,180.0,19.0,7.0,72.0,2018.0
The Way I Am,dance pop,2018.0,115.0,77.0,76.0,-6.0,6.0,64.0,186.0,31.0,19.0,68.0,2018.0
This Is America,atl hip hop,2018.0,120.0,46.0,85.0,-6.0,35.0,55.0,226.0,12.0,14.0,75.0,2018.0
Tequila,contemporary country,2018.0,86.0,58.0,49.0,-6.0,13.0,49.0,197.0,3.0,3.0,75.0,2018.0
Nevermind,israeli pop,2017.0,100.0,69.0,60.0,-8.0,41.0,8.0,157.0,16.0,20.0,79.0,2018.0
No Brainer,dance pop,2018.0,136.0,76.0,55.0,-5.0,9.0,64.0,260.0,7.0,34.0,71.0,2018.0
God's Plan,canadian hip hop,2018.0,77.0,45.0,75.0,-9.0,55.0,36.0,199.0,3.0,11.0,86.0,2018.0
Nonstop,canadian hip hop,2018.0,155.0,41.0,91.0,-8.0,10.0,42.0,239.0,2.0,12.0,82.0,2018.0
Nice For What,canadian hip hop,2018.0,93.0,91.0,59.0,-6.0,12.0,76.0,211.0,9.0,7.0,81.0,2018.0
In My Feelings,canadian hip hop,2018.0,91.0,63.0,84.0,-6.0,40.0,35.0,218.0,6.0,13.0,80.0,2018.0
I'm Upset,canadian hip hop,2018.0,150.0,59.0,90.0,-8.0,8.0,49.0,214.0,28.0,34.0,73.0,2018.0
IDGAF,dance pop,2017.0,97.0,54.0,84.0,-6.0,8.0,51.0,218.0,4.0,9.0,83.0,2018.0
In My Mind,edm,2018.0,126.0,77.0,69.0,-5.0,12.0,16.0,185.0,18.0,15.0,83.0,2018.0
Trip,dance pop,2018.0,80.0,61.0,48.0,-6.0,11.0,36.0,214.0,23.0,14.0,77.0,2018.0
Boo'd Up,dance pop,2017.0,82.0,78.0,56.0,-5.0,8.0,24.0,256.0,9.0,5.0,73.0,2018.0
River (feat. Ed Sheeran),detroit hip hop,2017.0,90.0,75.0,75.0,-6.0,7.0,66.0,221.0,14.0,52.0,77.0,2018.0
German,afroswing,2018.0,103.0,58.0,86.0,-6.0,19.0,85.0,171.0,81.0,7.0,71.0,2018.0
Let's Fall in Love for the Night,alt z,2018.0,128.0,41.0,74.0,-8.0,17.0,37.0,190.0,80.0,10.0,77.0,2018.0
Simple,contemporary country,2019.0,200.0,88.0,36.0,-4.0,15.0,86.0,185.0,8.0,10.0,75.0,2018.0
Shotgun,folk-pop,2018.0,116.0,74.0,67.0,-5.0,24.0,75.0,201.0,29.0,5.0,81.0,2018.0
we fell in love in october,bedroom pop,2018.0,130.0,37.0,57.0,-13.0,16.0,24.0,184.0,11.0,3.0,88.0,2018.0
"Let Me Go (with Alesso, Florida Georgia Line & watt)",dance pop,2017.0,103.0,71.0,66.0,-4.0,8.0,74.0,175.0,3.0,5.0,81.0,2018.0
Bad At Love,dance pop,2017.0,118.0,75.0,68.0,-4.0,9.0,61.0,181.0,6.0,3.0,77.0,2018.0
The Greatest Show,hollywood,2017.0,158.0,82.0,42.0,-7.0,7.0,40.0,302.0,0.0,11.0,77.0,2018.0
Natural,modern rock,2018.0,100.0,61.0,70.0,-6.0,8.0,22.0,189.0,22.0,4.0,85.0,2018.0
Make Me Feel,afrofuturism,2018.0,115.0,41.0,86.0,-7.0,33.0,70.0,194.0,13.0,18.0,68.0,2018.0
You Make It Easy,contemporary country,2018.0,132.0,57.0,38.0,-5.0,11.0,41.0,197.0,14.0,3.0,74.0,2018.0
"King's Dead (with Kendrick Lamar, Future & James Blake)",conscious hip hop,2018.0,137.0,71.0,65.0,-5.0,13.0,38.0,230.0,0.0,30.0,76.0,2018.0
Rise,dance pop,2018.0,106.0,79.0,69.0,-5.0,20.0,66.0,194.0,33.0,3.0,74.0,2018.0
Lucid Dreams,chicago rap,2018.0,84.0,57.0,51.0,-7.0,34.0,22.0,240.0,35.0,20.0,89.0,2018.0
All The Stars (with SZA),conscious hip hop,2018.0,97.0,63.0,70.0,-5.0,9.0,55.0,232.0,6.0,6.0,85.0,2018.0
Love Lies (with Normani),pop,2018.0,144.0,65.0,71.0,-6.0,13.0,34.0,202.0,10.0,4.0,78.0,2018.0
1950,alt z,2018.0,72.0,54.0,60.0,-7.0,16.0,27.0,225.0,65.0,11.0,77.0,2018.0
I Like Me Better,dance pop,2018.0,92.0,51.0,75.0,-8.0,10.0,42.0,197.0,54.0,25.0,86.0,2018.0
Yes Indeed,atl hip hop,2018.0,120.0,35.0,96.0,-9.0,11.0,56.0,142.0,4.0,53.0,84.0,2018.0
Freaky Friday (feat. Chris Brown),comedy rap,2018.0,133.0,60.0,76.0,-5.0,11.0,76.0,217.0,15.0,22.0,74.0,2018.0
Everyday,conscious hip hop,2018.0,150.0,74.0,67.0,-4.0,8.0,42.0,205.0,4.0,4.0,74.0,2018.0
Body,dance pop,2017.0,122.0,76.0,75.0,-4.0,5.0,58.0,163.0,5.0,4.0,77.0,2018.0
Bad Vibe,afroswing,2018.0,110.0,70.0,81.0,-4.0,10.0,76.0,214.0,18.0,4.0,58.0,2018.0
"Home (with Machine Gun Kelly, X Ambassadors & Bebe Rexha)",ohio hip hop,2017.0,82.0,72.0,65.0,-5.0,5.0,22.0,203.0,0.0,21.0,77.0,2018.0
Corazón (feat. Nego do Borel),latin,2018.0,198.0,74.0,72.0,-6.0,20.0,75.0,185.0,33.0,25.0,74.0,2018.0
Wait,pop,2018.0,126.0,60.0,66.0,-5.0,11.0,45.0,191.0,10.0,6.0,64.0,2018.0
Happier,brostep,2018.0,100.0,79.0,69.0,-3.0,17.0,67.0,214.0,19.0,5.0,86.0,2018.0
Silence,brostep,2017.0,142.0,76.0,52.0,-3.0,17.0,29.0,181.0,26.0,9.0,84.0,2018.0
FRIENDS,brostep,2018.0,95.0,88.0,63.0,-2.0,13.0,53.0,203.0,21.0,5.0,83.0,2018.0
Spotlight,brostep,2018.0,150.0,82.0,55.0,-4.0,74.0,62.0,178.0,1.0,15.0,76.0,2018.0
Walk It Talk It,atl hip hop,2018.0,146.0,63.0,91.0,-5.0,11.0,40.0,276.0,9.0,18.0,79.0,2018.0
MotorSport,atl hip hop,2018.0,138.0,52.0,90.0,-5.0,33.0,19.0,303.0,3.0,18.0,77.0,2018.0
Stir Fry,atl hip hop,2018.0,182.0,82.0,82.0,-5.0,16.0,51.0,190.0,0.0,27.0,75.0,2018.0
17,dance pop,2017.0,122.0,83.0,70.0,-7.0,7.0,67.0,196.0,0.0,7.0,69.0,2018.0
Let You Down,hip hop,2017.0,148.0,71.0,66.0,-6.0,18.0,46.0,212.0,31.0,12.0,84.0,2018.0
Te Boté - Remix,latin,2018.0,97.0,68.0,90.0,-3.0,6.0,44.0,418.0,54.0,21.0,81.0,2018.0
Ric Flair Drip (with Metro Boomin),atl hip hop,2017.0,100.0,43.0,88.0,-8.0,11.0,33.0,173.0,15.0,21.0,85.0,2018.0
Vaina Loca,latin,2018.0,94.0,81.0,75.0,-4.0,20.0,56.0,176.0,32.0,8.0,77.0,2018.0
Déjala Que Vuelva (feat. Manuel Turizo),colombian pop,2018.0,170.0,79.0,68.0,-4.0,8.0,84.0,220.0,5.0,8.0,76.0,2018.0
rockstar (feat. 21 Savage),dfw rap,2018.0,160.0,52.0,59.0,-6.0,13.0,13.0,218.0,12.0,7.0,87.0,2018.0
Better Now,dfw rap,2018.0,145.0,58.0,68.0,-6.0,14.0,34.0,231.0,33.0,4.0,84.0,2018.0
Psycho (feat. Ty Dolla $ign),dfw rap,2018.0,140.0,56.0,75.0,-8.0,11.0,46.0,221.0,55.0,11.0,82.0,2018.0
Powerglide (feat. Juicy J) - From SR3MM,hip hop,2018.0,174.0,83.0,71.0,-5.0,12.0,58.0,332.0,2.0,15.0,71.0,2018.0
Plug Walk,atl hip hop,2018.0,95.0,52.0,88.0,-7.0,11.0,16.0,175.0,20.0,14.0,77.0,2018.0
Mo Bamba,rap,2018.0,146.0,63.0,73.0,-5.0,25.0,26.0,184.0,19.0,3.0,81.0,2018.0
Strangers,dance pop,2019.0,115.0,72.0,76.0,-6.0,8.0,13.0,234.0,1.0,4.0,64.0,2018.0
Delicate,pop,2017.0,95.0,40.0,75.0,-10.0,9.0,5.0,232.0,22.0,7.0,81.0,2018.0
It's Not Living (If It's Not With You),modern alternative rock,2018.0,121.0,84.0,62.0,-5.0,6.0,53.0,248.0,0.0,3.0,75.0,2018.0
This Feeling,dance pop,2018.0,105.0,57.0,57.0,-8.0,9.0,45.0,198.0,6.0,4.0,78.0,2018.0
Sick Boy,dance pop,2018.0,90.0,58.0,66.0,-8.0,12.0,45.0,193.0,11.0,5.0,74.0,2018.0
Call Out My Name,canadian contemporary r&b,2018.0,134.0,59.0,46.0,-5.0,31.0,18.0,228.0,17.0,4.0,85.0,2018.0
Pray For Me (with Kendrick Lamar),canadian contemporary r&b,2018.0,101.0,68.0,74.0,-5.0,11.0,19.0,211.0,8.0,9.0,74.0,2018.0
Jackie Chan,big room,2018.0,128.0,83.0,75.0,-3.0,6.0,69.0,216.0,37.0,5.0,76.0,2018.0
SICKO MODE,hip hop,2018.0,155.0,73.0,83.0,-4.0,12.0,45.0,313.0,1.0,22.0,86.0,2018.0
Taste (feat. Offset),dance pop,2018.0,98.0,56.0,88.0,-7.0,10.0,34.0,233.0,2.0,12.0,78.0,2018.0
Saturday Sun,folk-pop,2018.0,100.0,86.0,64.0,-4.0,22.0,71.0,215.0,48.0,5.0,75.0,2018.0
SAD!,emo rap,2018.0,75.0,61.0,74.0,-5.0,12.0,47.0,167.0,26.0,14.0,88.0,2018.0
Moonlight,emo rap,2018.0,128.0,54.0,92.0,-6.0,10.0,71.0,135.0,56.0,8.0,87.0,2018.0
changes,emo rap,2018.0,65.0,31.0,67.0,-10.0,10.0,52.0,122.0,88.0,3.0,84.0,2018.0
If You're Over Me,dance pop,2018.0,104.0,85.0,65.0,-5.0,6.0,62.0,189.0,6.0,9.0,60.0,2018.0
"BIG BANK (feat. 2 Chainz, Big Sean, Nicki Minaj)",cali rap,2018.0,204.0,35.0,75.0,-8.0,9.0,11.0,237.0,1.0,33.0,73.0,2018.0
The Middle,complextro,2018.0,107.0,66.0,75.0,-3.0,11.0,44.0,185.0,17.0,4.0,84.0,2018.0
a lot,atl hip hop,2018.0,146.0,64.0,84.0,-8.0,34.0,27.0,289.0,4.0,9.0,83.0,2019.0
Easier,boy band,2020.0,176.0,46.0,56.0,-4.0,11.0,62.0,158.0,48.0,26.0,74.0,2019.0
Swervin (feat. 6ix9ine),melodic rap,2018.0,93.0,66.0,58.0,-5.0,11.0,43.0,189.0,2.0,30.0,80.0,2019.0
Look Back at It,melodic rap,2018.0,96.0,59.0,79.0,-5.0,15.0,54.0,179.0,41.0,4.0,78.0,2019.0
Ladbroke Grove,grime,2019.0,134.0,84.0,90.0,-9.0,10.0,73.0,191.0,9.0,21.0,73.0,2019.0
China,latin,2019.0,105.0,81.0,79.0,-4.0,8.0,61.0,302.0,8.0,9.0,80.0,2019.0
Secreto,latin,2019.0,92.0,80.0,81.0,-4.0,14.0,71.0,259.0,60.0,13.0,79.0,2019.0
7 rings,dance pop,2019.0,140.0,32.0,78.0,-11.0,9.0,33.0,179.0,59.0,33.0,88.0,2019.0
"thank u, next",dance pop,2019.0,107.0,65.0,72.0,-6.0,10.0,41.0,207.0,23.0,7.0,85.0,2019.0
"break up with your girlfriend, i'm bored",dance pop,2019.0,170.0,55.0,73.0,-5.0,11.0,34.0,190.0,4.0,9.0,81.0,2019.0
boyfriend (with Social House),dance pop,2019.0,190.0,80.0,40.0,-4.0,16.0,70.0,186.0,12.0,46.0,81.0,2019.0
On A Roll,pop,2019.0,125.0,81.0,74.0,-6.0,5.0,39.0,154.0,8.0,9.0,62.0,2019.0
Callaita,latin,2019.0,176.0,62.0,61.0,-5.0,24.0,24.0,251.0,60.0,31.0,86.0,2019.0
MIA (feat. Drake),latin,2018.0,97.0,54.0,82.0,-6.0,10.0,16.0,210.0,1.0,6.0,82.0,2019.0
bad guy,art pop,2019.0,135.0,43.0,70.0,-11.0,10.0,56.0,194.0,33.0,38.0,88.0,2019.0
when the party's over,art pop,2019.0,83.0,11.0,37.0,-14.0,9.0,20.0,196.0,98.0,10.0,85.0,2019.0
bury a friend,art pop,2019.0,120.0,39.0,91.0,-15.0,11.0,20.0,193.0,74.0,33.0,80.0,2019.0
Kill This Love,k-pop,2019.0,132.0,84.0,76.0,-5.0,23.0,65.0,191.0,32.0,19.0,79.0,2019.0
The Git Up,black americana,2019.0,98.0,68.0,85.0,-9.0,27.0,81.0,201.0,7.0,11.0,74.0,2019.0
Thotiana,cali rap,2018.0,104.0,38.0,91.0,-13.0,11.0,39.0,129.0,18.0,27.0,71.0,2019.0
Boy With Luv (feat. Halsey),k-pop,2019.0,120.0,86.0,65.0,-5.0,19.0,80.0,230.0,9.0,8.0,86.0,2019.0
Please Me,dance pop,2019.0,134.0,57.0,75.0,-7.0,8.0,65.0,201.0,6.0,8.0,79.0,2019.0
Money,dance pop,2018.0,130.0,59.0,95.0,-7.0,11.0,22.0,184.0,1.0,29.0,78.0,2019.0
Suge,north carolina hip hop,2019.0,75.0,66.0,88.0,-6.0,13.0,84.0,163.0,6.0,43.0,77.0,2019.0
Location (feat. Burna Boy),uk hip hop,2019.0,110.0,50.0,81.0,-6.0,10.0,55.0,241.0,27.0,30.0,81.0,2019.0
Juicy,dance pop,2019.0,170.0,66.0,79.0,-3.0,7.0,46.0,202.0,9.0,7.0,62.0,2019.0
3 Nights,alternative pop rock,2018.0,152.0,52.0,82.0,-7.0,10.0,88.0,178.0,22.0,9.0,84.0,2019.0
Money In The Grave (Drake ft. Rick Ross),canadian hip hop,2019.0,101.0,50.0,83.0,-4.0,12.0,10.0,205.0,10.0,5.0,82.0,2019.0
Don't Start Now,dance pop,2019.0,124.0,79.0,79.0,-5.0,10.0,68.0,183.0,1.0,8.0,84.0,2019.0
Take Me Back to London (feat. Stormzy),pop,2019.0,138.0,76.0,89.0,-6.0,16.0,61.0,190.0,22.0,22.0,71.0,2019.0
Cross Me (feat. Chance the Rapper & PnB Rock),pop,2019.0,95.0,79.0,75.0,-6.0,7.0,61.0,206.0,21.0,12.0,69.0,2019.0
Antisocial (with Travis Scott),pop,2019.0,152.0,82.0,72.0,-5.0,36.0,91.0,162.0,13.0,5.0,68.0,2019.0
Leave Me Alone,melodic rap,2019.0,150.0,74.0,79.0,-3.0,18.0,74.0,196.0,11.0,9.0,75.0,2019.0
Lost in the Fire (feat. The Weeknd),dark clubbing,2019.0,101.0,67.0,66.0,-12.0,12.0,17.0,202.0,9.0,4.0,89.0,2019.0
Without Me,dance pop,2018.0,136.0,49.0,75.0,-7.0,9.0,53.0,202.0,30.0,7.0,82.0,2019.0
emotions,melodic rap,2019.0,81.0,63.0,63.0,-6.0,14.0,16.0,131.0,1.0,4.0,77.0,2019.0
gone girl,melodic rap,2019.0,95.0,71.0,68.0,-6.0,7.0,36.0,137.0,16.0,3.0,75.0,2019.0
MIDDLE CHILD,conscious hip hop,2019.0,124.0,36.0,84.0,-12.0,27.0,46.0,214.0,15.0,28.0,85.0,2019.0
All Day And Night,dance pop,2019.0,122.0,78.0,59.0,-4.0,16.0,52.0,169.0,27.0,9.0,64.0,2019.0
Sucker,boy band,2019.0,138.0,73.0,84.0,-5.0,11.0,95.0,181.0,4.0,6.0,84.0,2019.0
Only Human,boy band,2019.0,94.0,50.0,80.0,-6.0,6.0,87.0,183.0,11.0,7.0,76.0,2019.0
Robbery,chicago rap,2019.0,80.0,69.0,62.0,-5.0,15.0,57.0,240.0,33.0,5.0,84.0,2019.0
Good as You,black americana,2019.0,154.0,52.0,63.0,-6.0,14.0,77.0,192.0,40.0,4.0,70.0,2019.0
Nights Like This (feat. Ty Dolla $ign),dance pop,2019.0,146.0,73.0,61.0,-5.0,15.0,29.0,202.0,37.0,15.0,80.0,2019.0
Better,pop,2018.0,98.0,55.0,60.0,-10.0,10.0,11.0,229.0,8.0,10.0,81.0,2019.0
Talk (feat. Disclosure),pop,2019.0,136.0,40.0,90.0,-9.0,6.0,35.0,198.0,5.0,13.0,76.0,2019.0
ZEZE (feat. Travis Scott & Offset),florida rap,2018.0,98.0,60.0,86.0,-6.0,9.0,50.0,229.0,5.0,18.0,82.0,2019.0
Shallow,art pop,2018.0,96.0,39.0,57.0,-6.0,23.0,32.0,216.0,37.0,3.0,87.0,2019.0
Doin' Time,art pop,2019.0,145.0,56.0,64.0,-11.0,9.0,52.0,202.0,40.0,4.0,83.0,2019.0
i'm so tired...,dance pop,2020.0,102.0,73.0,60.0,-7.0,24.0,53.0,163.0,18.0,20.0,81.0,2019.0
Someone You Loved,pop,2019.0,110.0,41.0,50.0,-6.0,11.0,45.0,182.0,75.0,3.0,89.0,2019.0
Grace,pop,2019.0,104.0,56.0,72.0,-6.0,17.0,49.0,186.0,44.0,3.0,72.0,2019.0
Old Town Road - Remix,lgbtq+ hip hop,2019.0,136.0,62.0,88.0,-6.0,11.0,64.0,157.0,5.0,10.0,83.0,2019.0
Old Town Road,lgbtq+ hip hop,2019.0,136.0,53.0,91.0,-6.0,10.0,51.0,113.0,6.0,13.0,80.0,2019.0
Panini,lgbtq+ hip hop,2019.0,154.0,59.0,70.0,-6.0,12.0,48.0,115.0,34.0,8.0,76.0,2019.0
Ransom,melodic rap,2019.0,180.0,64.0,75.0,-6.0,7.0,23.0,131.0,2.0,29.0,83.0,2019.0
Truth Hurts,dance pop,2019.0,158.0,62.0,72.0,-3.0,12.0,41.0,173.0,11.0,11.0,80.0,2019.0
Good as Hell,dance pop,2019.0,96.0,92.0,68.0,-3.0,44.0,54.0,160.0,26.0,9.0,77.0,2019.0
Soltera - Remix,latin,2019.0,92.0,78.0,80.0,-4.0,44.0,80.0,266.0,36.0,4.0,74.0,2019.0
Light On,indie pop,2019.0,102.0,57.0,66.0,-6.0,13.0,40.0,234.0,20.0,5.0,72.0,2019.0
Nothing Breaks Like a Heart (feat. Miley Cyrus),dance pop,2018.0,114.0,79.0,60.0,-6.0,39.0,24.0,217.0,1.0,7.0,84.0,2019.0
Here With Me,brostep,2019.0,100.0,56.0,79.0,-4.0,16.0,18.0,156.0,6.0,4.0,77.0,2019.0
One Thing Right,brostep,2019.0,88.0,63.0,66.0,-2.0,58.0,44.0,182.0,6.0,5.0,77.0,2019.0
Piece Of Your Heart,edm,2019.0,124.0,74.0,68.0,-7.0,7.0,63.0,153.0,4.0,3.0,81.0,2019.0
Going Bad (feat. Drake),hip hop,2018.0,86.0,50.0,89.0,-6.0,25.0,54.0,181.0,26.0,9.0,83.0,2019.0
Hot Girl Summer (feat. Nicki Minaj & Ty Dolla $ign),dance pop,2019.0,99.0,81.0,87.0,-5.0,21.0,57.0,199.0,0.0,16.0,73.0,2019.0
Slide Away,dance pop,2019.0,148.0,54.0,53.0,-7.0,25.0,29.0,234.0,17.0,3.0,74.0,2019.0
Pure Water (with Migos),cali rap,2019.0,202.0,56.0,68.0,-6.0,34.0,14.0,192.0,17.0,13.0,80.0,2019.0
Shotta Flow (feat. Blueface) [Remix],memphis hip hop,2019.0,120.0,51.0,89.0,-5.0,14.0,57.0,177.0,3.0,42.0,74.0,2019.0
Options,afro dancehall,2020.0,102.0,62.0,84.0,-5.0,10.0,76.0,240.0,39.0,9.0,62.0,2019.0
Clout (feat. Cardi B),atl hip hop,2019.0,140.0,62.0,92.0,-7.0,12.0,42.0,206.0,23.0,10.0,73.0,2019.0
Adan y Eva,argentine hip hop,2019.0,172.0,71.0,77.0,-4.0,7.0,72.0,257.0,32.0,34.0,76.0,2019.0
Pop Out (feat. Lil Tjay),chicago rap,2019.0,168.0,64.0,77.0,-7.0,7.0,26.0,167.0,15.0,47.0,83.0,2019.0
Circles,dfw rap,2019.0,120.0,76.0,70.0,-3.0,9.0,55.0,215.0,19.0,4.0,89.0,2019.0
Sunflower - Spider-Man: Into the Spider-Verse,dfw rap,2019.0,90.0,52.0,76.0,-4.0,7.0,93.0,158.0,53.0,6.0,84.0,2019.0
Wow.,dfw rap,2019.0,100.0,54.0,83.0,-7.0,10.0,39.0,150.0,14.0,21.0,83.0,2019.0
Goodbyes (feat. Young Thug),dfw rap,2019.0,150.0,65.0,55.0,-4.0,10.0,16.0,175.0,46.0,8.0,82.0,2019.0
Bohemian Rhapsody - Remastered 2011,classic rock,1975.0,144.0,40.0,39.0,-10.0,24.0,23.0,354.0,29.0,5.0,77.0,2019.0
Ride It,dance pop,2019.0,118.0,75.0,88.0,-4.0,11.0,88.0,158.0,18.0,9.0,85.0,2019.0
Keisha & Becky - Remix,uk drill,2019.0,141.0,47.0,86.0,-10.0,12.0,64.0,253.0,25.0,48.0,73.0,2019.0
Post Malone (feat. RANI),dance pop,2019.0,107.0,64.0,59.0,-4.0,11.0,65.0,174.0,8.0,12.0,74.0,2019.0
My Type,cali rap,2019.0,105.0,81.0,90.0,-6.0,7.0,59.0,126.0,0.0,26.0,76.0,2019.0
Otro Trago,latin,2019.0,176.0,70.0,75.0,-5.0,11.0,62.0,226.0,14.0,34.0,76.0,2019.0
Señorita,canadian pop,2019.0,117.0,55.0,76.0,-6.0,8.0,75.0,191.0,4.0,3.0,83.0,2019.0
If I Can't Have You,canadian pop,2019.0,124.0,81.0,69.0,-4.0,15.0,86.0,191.0,52.0,6.0,78.0,2019.0
Don’t Feel Like Crying,dance pop,2019.0,120.0,81.0,75.0,-4.0,7.0,72.0,157.0,16.0,4.0,56.0,2019.0
Vossi Bop,grime,2019.0,188.0,65.0,68.0,-6.0,13.0,43.0,196.0,13.0,34.0,69.0,2019.0
Lover,pop,2019.0,69.0,54.0,36.0,-8.0,12.0,45.0,221.0,49.0,9.0,86.0,2019.0
Cruel Summer,pop,2019.0,170.0,70.0,55.0,-6.0,11.0,56.0,178.0,12.0,16.0,82.0,2019.0
You Need To Calm Down,pop,2019.0,85.0,67.0,77.0,-6.0,6.0,71.0,171.0,1.0,6.0,81.0,2019.0
EARFQUAKE,hip hop,2019.0,80.0,50.0,55.0,-9.0,80.0,41.0,190.0,23.0,7.0,85.0,2019.0
Boasty (feat. Idris Elba),grime,2019.0,103.0,77.0,89.0,-5.0,9.0,46.0,177.0,1.0,7.0,68.0,2019.0
Strike a Pose (feat. Aitch),afroswing,2019.0,138.0,58.0,53.0,-6.0,10.0,59.0,214.0,1.0,10.0,67.0,2019.0
The London (feat. J. Cole & Travis Scott),atl hip hop,2019.0,98.0,59.0,80.0,-7.0,13.0,18.0,200.0,2.0,15.0,75.0,2019.0
,,,,,,,,,,,,,
